/*
 Navicat Premium Data Transfer

 Source Server         : 103.173.255.86
 Source Server Type    : MySQL
 Source Server Version : 80030
 Source Host           : 103.173.255.86:3306
 Source Schema         : dbambulance

 Target Server Type    : MySQL
 Target Server Version : 80030
 File Encoding         : 65001

 Date: 03/12/2022 22:00:49
*/

SET NAMES utf8mb4;
SET FOREIGN_KEY_CHECKS = 0;

-- ----------------------------
-- Table structure for account
-- ----------------------------
DROP TABLE IF EXISTS `account`;
CREATE TABLE `account` (
  `id` bigint NOT NULL AUTO_INCREMENT,
  `created_on` datetime DEFAULT NULL,
  `updated_on` datetime DEFAULT NULL,
  `version` bigint DEFAULT NULL,
  `address` varchar(255) COLLATE utf8mb4_general_ci DEFAULT NULL,
  `email` varchar(255) COLLATE utf8mb4_general_ci DEFAULT NULL,
  `full_name` varchar(255) COLLATE utf8mb4_general_ci DEFAULT NULL,
  `password` varchar(255) COLLATE utf8mb4_general_ci DEFAULT NULL,
  `phone` varchar(255) COLLATE utf8mb4_general_ci DEFAULT NULL,
  `status` bit(1) DEFAULT NULL,
  `username` varchar(255) COLLATE utf8mb4_general_ci DEFAULT NULL,
  `role_id` bigint DEFAULT NULL,
  `token` varchar(255) COLLATE utf8mb4_general_ci DEFAULT NULL,
  PRIMARY KEY (`id`),
  KEY `FKd4vb66o896tay3yy52oqxr9w0` (`role_id`),
  CONSTRAINT `FKd4vb66o896tay3yy52oqxr9w0` FOREIGN KEY (`role_id`) REFERENCES `role` (`id`)
) ENGINE=InnoDB AUTO_INCREMENT=38 DEFAULT CHARSET=utf8mb4 COLLATE=utf8mb4_general_ci;

-- ----------------------------
-- Records of account
-- ----------------------------
BEGIN;
INSERT INTO `account` (`id`, `created_on`, `updated_on`, `version`, `address`, `email`, `full_name`, `password`, `phone`, `status`, `username`, `role_id`, `token`) VALUES (1, '2022-11-11 14:04:16', '2022-11-12 15:30:04', 2, 'asdasdasda', 'admin@gmail.com', 'admin', '{bcrypt}$2a$10$EOs8VROb14e7ZnydvXECA.4LoIhPOoFHKvVF/iBZ/ker17Eocz4Vi', '3123123123', b'1', 'admin', 1, NULL);
INSERT INTO `account` (`id`, `created_on`, `updated_on`, `version`, `address`, `email`, `full_name`, `password`, `phone`, `status`, `username`, `role_id`, `token`) VALUES (2, '2022-11-24 20:32:51', '2022-11-24 21:00:40', 1, '34 Thống Nhất, Bình Thọ, Tp.Thủ Đức', 'ambulance1@gmail.com', 'Ambulance1', '{bcrypt}$2a$10$EOs8VROb14e7ZnydvXECA.4LoIhPOoFHKvVF/iBZ/ker17Eocz4Vi', '0899000111', b'1', 'ambulance1@gmail.com', 4, NULL);
INSERT INTO `account` (`id`, `created_on`, `updated_on`, `version`, `address`, `email`, `full_name`, `password`, `phone`, `status`, `username`, `role_id`, `token`) VALUES (3, '2022-11-24 20:32:51', '2022-12-03 21:24:39', 2, '48 Khổng Tử, Bình Thọ, Tp.Thủ Đức', 'ambulance2@gmail.com', 'Ambulance2', '{bcrypt}$2a$10$EOs8VROb14e7ZnydvXECA.4LoIhPOoFHKvVF/iBZ/ker17Eocz4Vi', '0899000222', b'1', 'ambulance2', 4, 'cSTxWpORSruXR2XBiFpOMf:APA91bGjEc_cLWtt1Iflqw8KjPPBVHgLb-AKhnU0cE8UQwjP8D2DJEzhIV0-kHa05m12CwSvjv1P1k4-KYragHQM3xShj-oeci8rM7cZov75V-Y1xs7xLhjregysxMyJ2fUST_Uz35zk');
INSERT INTO `account` (`id`, `created_on`, `updated_on`, `version`, `address`, `email`, `full_name`, `password`, `phone`, `status`, `username`, `role_id`, `token`) VALUES (4, '2022-11-24 20:32:51', '2022-11-24 20:32:55', 0, '23 Nguyễn Thị Minh Khai, Quận 1, HCM', 'ambulance3@gmail.com', 'Ambulance3', '{bcrypt}$2a$10$EOs8VROb14e7ZnydvXECA.4LoIhPOoFHKvVF/iBZ/ker17Eocz4Vi', '0899000333', b'1', 'ambulance3', 4, NULL);
INSERT INTO `account` (`id`, `created_on`, `updated_on`, `version`, `address`, `email`, `full_name`, `password`, `phone`, `status`, `username`, `role_id`, `token`) VALUES (5, '2022-11-24 20:32:51', '2022-12-03 18:24:17', 2, '44/4 Nguyễn Thị Minh Khai, Quận 1, HCM', 'pharmacy1@gmail.com', 'Pharmacy1', '{bcrypt}$2a$10$EOs8VROb14e7ZnydvXECA.4LoIhPOoFHKvVF/iBZ/ker17Eocz4Vi', '0969786889', b'1', 'pharmacy1', 3, 'fPiUVA-RQheAbq7VPFSv1N:APA91bEPbyslVGmU6q17taK4fBRENqF4Aj82TaBHxWazfHlteUBUTj9QvpWHhUyXt7VGiVAFakdZfUoIu3OI9o45S9jAJlu2kdfhnIb9cpufYHe2R9G8rJRfvsHI1SQSpJmr4Yr8LH0K');
INSERT INTO `account` (`id`, `created_on`, `updated_on`, `version`, `address`, `email`, `full_name`, `password`, `phone`, `status`, `username`, `role_id`, `token`) VALUES (6, '2022-11-24 20:32:51', '2022-11-24 20:32:55', 0, '33/2 đường 3 tháng 2, Quận 10, HCM', 'pharmacy2@gmail.com', 'Pharmacy2', '{bcrypt}$2a$10$EOs8VROb14e7ZnydvXECA.4LoIhPOoFHKvVF/iBZ/ker17Eocz4Vi', '0933123123', b'1', 'pharmacy2', 3, NULL);
INSERT INTO `account` (`id`, `created_on`, `updated_on`, `version`, `address`, `email`, `full_name`, `password`, `phone`, `status`, `username`, `role_id`, `token`) VALUES (7, '2022-11-24 20:32:51', '2022-11-24 20:32:55', 0, '96 Pastuer, Quận 3, HCM', 'pharmacy3@gmail.com', 'Pharmacy3', '{bcrypt}$2a$10$EOs8VROb14e7ZnydvXECA.4LoIhPOoFHKvVF/iBZ/ker17Eocz4Vi', '0363445665', b'1', 'pharmacy3', 3, NULL);
INSERT INTO `account` (`id`, `created_on`, `updated_on`, `version`, `address`, `email`, `full_name`, `password`, `phone`, `status`, `username`, `role_id`, `token`) VALUES (8, '2022-11-24 20:56:17', '2022-12-03 19:15:37', 6, '10 đường 12 Long Phước, Quận 9, Tp.Thủ Đức', 'User1@gmail.com', 'User1', '{bcrypt}$2a$10$EOs8VROb14e7ZnydvXECA.4LoIhPOoFHKvVF/iBZ/ker17Eocz4Vi', '0955155255', b'1', 'user1', 2, 'fPiUVA-RQheAbq7VPFSv1N:APA91bEPbyslVGmU6q17taK4fBRENqF4Aj82TaBHxWazfHlteUBUTj9QvpWHhUyXt7VGiVAFakdZfUoIu3OI9o45S9jAJlu2kdfhnIb9cpufYHe2R9G8rJRfvsHI1SQSpJmr4Yr8LH0K');
INSERT INTO `account` (`id`, `created_on`, `updated_on`, `version`, `address`, `email`, `full_name`, `password`, `phone`, `status`, `username`, `role_id`, `token`) VALUES (9, '2022-11-24 20:56:17', '2022-11-29 20:52:46', 1, '27 Bùi Đình Túy Quận Bình Thạnh HCM', 'User2@gmail.com', 'User2', '{bcrypt}$2a$10$EOs8VROb14e7ZnydvXECA.4LoIhPOoFHKvVF/iBZ/ker17Eocz4Vi', '0934567567', b'1', 'user2', 2, 'codl6LUTQAuvKp496DRLGi:APA91bG5pXrRSEHGYt-niyF7OOk8wLuhm2Y-PQCj-qe0VYtl1Qx18PPZuR5b7Q7bE59_kXf0GzuHQEXHvgbwT7l9zyiN35jSqGG20ops6tfIDMOJUpWRylzmuLMFyQYmiPvUdG83BWTd');
INSERT INTO `account` (`id`, `created_on`, `updated_on`, `version`, `address`, `email`, `full_name`, `password`, `phone`, `status`, `username`, `role_id`, `token`) VALUES (10, '2022-11-24 20:59:59', '2022-11-29 20:49:39', 1, '33 Võ Thị Sáu Quận 3 TP.HCM', 'User3@gmail.com', 'User3', '{bcrypt}$2a$10$EOs8VROb14e7ZnydvXECA.4LoIhPOoFHKvVF/iBZ/ker17Eocz4Vi', NULL, b'1', 'user3', 2, 'dmLrIX9WRAugfpCc2lBMJ6:APA91bFTZPwFf0JsREWJgsitNLFzoBaiMCRa3yRhw1LtTAu11SrAzVvLMMFuc88NUTfwFUjOjRJ1EwaD8Wox7oRsCQfqt3UM2DpggjAnyhJmWIHFR2eJx3KQmqfRgKUnlo5wJlhVXn8o');
COMMIT;

-- ----------------------------
-- Table structure for ambulance
-- ----------------------------
DROP TABLE IF EXISTS `ambulance`;
CREATE TABLE `ambulance` (
  `id` bigint NOT NULL AUTO_INCREMENT,
  `created_on` datetime DEFAULT NULL,
  `updated_on` datetime DEFAULT NULL,
  `version` bigint DEFAULT NULL,
  `avatar` varchar(255) COLLATE utf8mb4_general_ci DEFAULT NULL,
  `name` varchar(255) COLLATE utf8mb4_general_ci DEFAULT NULL,
  `number_plate` varchar(20) COLLATE utf8mb4_general_ci DEFAULT NULL,
  `account_id` bigint DEFAULT NULL,
  `status` bit(1) DEFAULT NULL,
  PRIMARY KEY (`id`),
  KEY `FKmeclordpgb5kbwtri56r0olu7` (`account_id`),
  CONSTRAINT `FKmeclordpgb5kbwtri56r0olu7` FOREIGN KEY (`account_id`) REFERENCES `account` (`id`)
) ENGINE=InnoDB AUTO_INCREMENT=4 DEFAULT CHARSET=utf8mb4 COLLATE=utf8mb4_general_ci;

-- ----------------------------
-- Records of ambulance
-- ----------------------------
BEGIN;
INSERT INTO `ambulance` (`id`, `created_on`, `updated_on`, `version`, `avatar`, `name`, `number_plate`, `account_id`, `status`) VALUES (1, '2022-11-24 20:32:51', '2022-11-24 21:26:19', 3, NULL, 'Ambulance1', '70K-111111', 2, b'1');
INSERT INTO `ambulance` (`id`, `created_on`, `updated_on`, `version`, `avatar`, `name`, `number_plate`, `account_id`, `status`) VALUES (2, '2022-11-24 20:32:51', '2022-11-24 20:32:55', 0, NULL, 'Ambulance2', '59H-00898', 3, b'1');
INSERT INTO `ambulance` (`id`, `created_on`, `updated_on`, `version`, `avatar`, `name`, `number_plate`, `account_id`, `status`) VALUES (3, '2022-11-24 20:32:51', '2022-11-24 20:32:55', 0, NULL, 'Ambulance3', '59H-00997', 4, b'1');
COMMIT;

-- ----------------------------
-- Table structure for booking
-- ----------------------------
DROP TABLE IF EXISTS `booking`;
CREATE TABLE `booking` (
  `id` bigint NOT NULL AUTO_INCREMENT,
  `created_on` datetime DEFAULT NULL,
  `updated_on` datetime DEFAULT NULL,
  `version` bigint DEFAULT NULL,
  `progress` varchar(255) COLLATE utf8mb4_general_ci DEFAULT NULL,
  `status` bit(1) DEFAULT NULL,
  `time_order` datetime DEFAULT NULL,
  `account_id` bigint DEFAULT NULL,
  `ambulance_id` bigint DEFAULT NULL,
  `note` varchar(255) COLLATE utf8mb4_general_ci DEFAULT NULL,
  PRIMARY KEY (`id`),
  KEY `FK7hunottedmjhtdcvhv4sx6x4a` (`account_id`),
  KEY `FK6i8htinuhvp0ve7ywdul9vnd3` (`ambulance_id`),
  CONSTRAINT `FK6i8htinuhvp0ve7ywdul9vnd3` FOREIGN KEY (`ambulance_id`) REFERENCES `ambulance` (`id`),
  CONSTRAINT `FK7hunottedmjhtdcvhv4sx6x4a` FOREIGN KEY (`account_id`) REFERENCES `account` (`id`)
) ENGINE=InnoDB AUTO_INCREMENT=11 DEFAULT CHARSET=utf8mb4 COLLATE=utf8mb4_general_ci;

-- ----------------------------
-- Records of booking
-- ----------------------------
BEGIN;
INSERT INTO `booking` (`id`, `created_on`, `updated_on`, `version`, `progress`, `status`, `time_order`, `account_id`, `ambulance_id`, `note`) VALUES (10, '2022-12-03 15:18:30', '2022-12-03 15:18:30', 0, 'PENDING', b'1', '2022-12-03 15:18:30', 8, 2, '123 - A');
COMMIT;

-- ----------------------------
-- Table structure for history
-- ----------------------------
DROP TABLE IF EXISTS `history`;
CREATE TABLE `history` (
  `id` bigint NOT NULL AUTO_INCREMENT,
  `created_on` datetime DEFAULT NULL,
  `updated_on` datetime DEFAULT NULL,
  `version` bigint DEFAULT NULL,
  `code` varchar(255) COLLATE utf8mb4_general_ci DEFAULT NULL,
  `progress` varchar(255) COLLATE utf8mb4_general_ci DEFAULT NULL,
  `status` bit(1) DEFAULT NULL,
  `account_id` bigint DEFAULT NULL,
  `ambulance_id` bigint DEFAULT NULL,
  `note` varchar(255) COLLATE utf8mb4_general_ci DEFAULT NULL,
  PRIMARY KEY (`id`),
  KEY `FK2mpn4nxqqsu7euii4hwhbjeg8` (`account_id`),
  KEY `FKaw0rbw4g5vhefob2xes1awalj` (`ambulance_id`),
  CONSTRAINT `FK2mpn4nxqqsu7euii4hwhbjeg8` FOREIGN KEY (`account_id`) REFERENCES `account` (`id`),
  CONSTRAINT `FKaw0rbw4g5vhefob2xes1awalj` FOREIGN KEY (`ambulance_id`) REFERENCES `ambulance` (`id`)
) ENGINE=InnoDB AUTO_INCREMENT=54 DEFAULT CHARSET=utf8mb4 COLLATE=utf8mb4_general_ci;

-- ----------------------------
-- Records of history
-- ----------------------------
BEGIN;
INSERT INTO `history` (`id`, `created_on`, `updated_on`, `version`, `code`, `progress`, `status`, `account_id`, `ambulance_id`, `note`) VALUES (51, '2022-12-01 22:26:14', '2022-12-01 22:26:23', 1, '4d34e609-e221-4f6d-8561-030c126ad2fe', 'ACCEPTED', b'1', 8, 2, '123 HCM - SOS');
INSERT INTO `history` (`id`, `created_on`, `updated_on`, `version`, `code`, `progress`, `status`, `account_id`, `ambulance_id`, `note`) VALUES (52, '2022-12-03 15:14:09', '2022-12-03 15:14:09', 0, '6d6f48e4-ec4e-410e-b085-bcb96a8d9393', 'PENDING', b'1', 8, 2, '123 dinh tien hoang - sos');
INSERT INTO `history` (`id`, `created_on`, `updated_on`, `version`, `code`, `progress`, `status`, `account_id`, `ambulance_id`, `note`) VALUES (53, '2022-12-03 15:18:14', '2022-12-03 15:18:29', 1, '5acabf8b-81bd-4751-9c5a-1702e026c460', 'ACCEPTED', b'1', 8, 2, '123 - A');
COMMIT;

-- ----------------------------
-- Table structure for location
-- ----------------------------
DROP TABLE IF EXISTS `location`;
CREATE TABLE `location` (
  `id` bigint NOT NULL AUTO_INCREMENT,
  `created_on` datetime DEFAULT NULL,
  `updated_on` datetime DEFAULT NULL,
  `version` bigint DEFAULT NULL,
  `status` bit(1) DEFAULT NULL,
  `latitude` double DEFAULT NULL,
  `longitude` double DEFAULT NULL,
  `account_id` bigint DEFAULT NULL,
  PRIMARY KEY (`id`),
  KEY `FK7h7gu4xo5t5n6dt8bbmf4rsoa` (`account_id`),
  CONSTRAINT `FK7h7gu4xo5t5n6dt8bbmf4rsoa` FOREIGN KEY (`account_id`) REFERENCES `account` (`id`)
) ENGINE=InnoDB AUTO_INCREMENT=7 DEFAULT CHARSET=utf8mb4 COLLATE=utf8mb4_general_ci;

-- ----------------------------
-- Records of location
-- ----------------------------
BEGIN;
INSERT INTO `location` (`id`, `created_on`, `updated_on`, `version`, `status`, `latitude`, `longitude`, `account_id`) VALUES (4, '2022-11-25 14:04:02', '2022-12-03 16:24:36', 9, b'0', 0, 0, 3);
INSERT INTO `location` (`id`, `created_on`, `updated_on`, `version`, `status`, `latitude`, `longitude`, `account_id`) VALUES (5, '2022-12-03 16:30:42', '2022-12-03 16:30:42', 0, b'0', 0, 0, 8);
INSERT INTO `location` (`id`, `created_on`, `updated_on`, `version`, `status`, `latitude`, `longitude`, `account_id`) VALUES (6, '2022-12-03 18:24:17', '2022-12-03 18:24:17', 0, b'0', 0, 0, 5);
COMMIT;

-- ----------------------------
-- Table structure for message
-- ----------------------------
DROP TABLE IF EXISTS `message`;
CREATE TABLE `message` (
  `id` bigint NOT NULL AUTO_INCREMENT,
  `created_on` datetime DEFAULT NULL,
  `updated_on` datetime DEFAULT NULL,
  `version` bigint DEFAULT NULL,
  `content` varchar(255) COLLATE utf8mb4_general_ci DEFAULT NULL,
  `status` bit(1) DEFAULT NULL,
  `title` varchar(255) COLLATE utf8mb4_general_ci DEFAULT NULL,
  PRIMARY KEY (`id`)
) ENGINE=InnoDB AUTO_INCREMENT=11 DEFAULT CHARSET=utf8mb4 COLLATE=utf8mb4_general_ci;

-- ----------------------------
-- Records of message
-- ----------------------------
BEGIN;
COMMIT;

-- ----------------------------
-- Table structure for oauth_access_token
-- ----------------------------
DROP TABLE IF EXISTS `oauth_access_token`;
CREATE TABLE `oauth_access_token` (
  `token_id` varchar(256) CHARACTER SET latin1 DEFAULT NULL,
  `token` blob,
  `authentication_id` varchar(256) CHARACTER SET latin1 DEFAULT NULL,
  `user_name` varchar(256) CHARACTER SET latin1 DEFAULT NULL,
  `client_id` varchar(256) CHARACTER SET latin1 DEFAULT NULL,
  `authentication` blob,
  `refresh_token` varchar(256) CHARACTER SET latin1 DEFAULT NULL
) ENGINE=InnoDB DEFAULT CHARSET=utf8mb4 COLLATE=utf8mb4_general_ci;

-- ----------------------------
-- Records of oauth_access_token
-- ----------------------------
BEGIN;
INSERT INTO `oauth_access_token` (`token_id`, `token`, `authentication_id`, `user_name`, `client_id`, `authentication`, `refresh_token`) VALUES ('c6e2e5da4cebdfab98f74c877301f53b', 0xACED0005737200436F72672E737072696E676672616D65776F726B2E73656375726974792E6F61757468322E636F6D6D6F6E2E44656661756C744F4175746832416363657373546F6B656E0CB29E361B24FACE0200064C00156164646974696F6E616C496E666F726D6174696F6E74000F4C6A6176612F7574696C2F4D61703B4C000A65787069726174696F6E7400104C6A6176612F7574696C2F446174653B4C000C72656672657368546F6B656E74003F4C6F72672F737072696E676672616D65776F726B2F73656375726974792F6F61757468322F636F6D6D6F6E2F4F417574683252656672657368546F6B656E3B4C000573636F706574000F4C6A6176612F7574696C2F5365743B4C0009746F6B656E547970657400124C6A6176612F6C616E672F537472696E673B4C000576616C756571007E00057870737200176A6176612E7574696C2E4C696E6B6564486173684D617034C04E5C106CC0FB0200015A000B6163636573734F72646572787200116A6176612E7574696C2E486173684D61700507DAC1C31660D103000246000A6C6F6164466163746F724900097468726573686F6C6478703F4000000000000C770800000010000000077400096163636F756E7449647372000E6A6176612E6C616E672E4C6F6E673B8BE490CC8F23DF0200014A000576616C7565787200106A6176612E6C616E672E4E756D62657286AC951D0B94E08B02000078700000000000000001740008757365726E616D6574000561646D696E740005656D61696C74000F61646D696E40676D61696C2E636F6D74000866756C6C4E616D6574000561646D696E74000570686F6E6574000A33313233313233313233740004726F6C6574000541444D494E7400036A746974002433643038356331312D323564362D343165642D613138372D33356361316333383931383778007372000E6A6176612E7574696C2E44617465686A81014B5974190300007870770800000184DA737FD8787372004C6F72672E737072696E676672616D65776F726B2E73656375726974792E6F61757468322E636F6D6D6F6E2E44656661756C744578706972696E674F417574683252656672657368546F6B656E2FDF47639DD0C9B70200014C000A65787069726174696F6E71007E0002787200446F72672E737072696E676672616D65776F726B2E73656375726974792E6F61757468322E636F6D6D6F6E2E44656661756C744F417574683252656672657368546F6B656E73E10E0A6354D45E0200014C000576616C756571007E0005787074022565794A68624763694F694A49557A49314E694973496E523563434936496B705856434A392E65794A796232786C496A6F695155524E535534694C434A316332567958323568625755694F694A685A47317062694973496D5A316247784F5957316C496A6F6959575274615734694C434A686458526F62334A7064476C6C6379493657794A425245314A54694A644C434A6A62476C6C626E5266615751694F694A795A584E30595842774969776959574E6A6233567564456C6B496A6F784C434A68645751694F6C7369636D567A6233567959325668634841695853776963476876626D55694F69497A4D54497A4D54497A4D54497A4969776963324E76634755694F6C7369636D39735A5639685A47317062694973496E4A7662475666633356775A584A685A47317062694A644C434A6864476B694F69497A5A4441344E574D784D5330794E5751324C5451785A575174595445344E79307A4E574E684D574D7A4F446B784F4463694C434A6C654841694F6A45324E7A41784D54497A4D544D73496D703061534936496D49784F4759314D6D49304C544E6B4F5755744E44426D4D693168593245334C54426C4E6A63305932593459546B354D534973496D567459576C73496A6F6959575274615735415A32316861577775593239744969776964584E6C636D3568625755694F694A685A47317062694A392E324F73357966433132664F38663864494579737361673645505877486868544E656436446D4366736E54637371007E001A770800000184DA737FA578737200256A6176612E7574696C2E436F6C6C656374696F6E7324556E6D6F6469666961626C65536574801D92D18F9B80550200007872002C6A6176612E7574696C2E436F6C6C656374696F6E7324556E6D6F6469666961626C65436F6C6C656374696F6E19420080CB5EF71E0200014C0001637400164C6A6176612F7574696C2F436F6C6C656374696F6E3B7870737200176A6176612E7574696C2E4C696E6B656448617368536574D86CD75A95DD2A1E020000787200116A6176612E7574696C2E48617368536574BA44859596B8B7340300007870770C000000043F4000000000000274000A726F6C655F61646D696E74000F726F6C655F737570657261646D696E787400066265617265727401E965794A68624763694F694A49557A49314E694973496E523563434936496B705856434A392E65794A796232786C496A6F695155524E535534694C434A316332567958323568625755694F694A685A47317062694973496D5A316247784F5957316C496A6F6959575274615734694C434A686458526F62334A7064476C6C6379493657794A425245314A54694A644C434A6A62476C6C626E5266615751694F694A795A584E30595842774969776959574E6A6233567564456C6B496A6F784C434A68645751694F6C7369636D567A6233567959325668634841695853776963476876626D55694F69497A4D54497A4D54497A4D54497A4969776963324E76634755694F6C7369636D39735A5639685A47317062694973496E4A7662475666633356775A584A685A47317062694A644C434A6C654841694F6A45324E7A41784D54497A4D544D73496D703061534936496A4E6B4D446731597A45784C5449315A4459744E44466C5A4331684D5467334C544D3159324578597A4D344F5445344E794973496D567459576C73496A6F6959575274615735415A32316861577775593239744969776964584E6C636D3568625755694F694A685A47317062694A392E366A4A6B7234396876492D785A593346494E636F71586F4451747033716D4C6C72727774654D7A356C6F34, '6c92b274641d648c7986562c49dde685', 'admin', 'restapp', 0xACED0005737200416F72672E737072696E676672616D65776F726B2E73656375726974792E6F61757468322E70726F76696465722E4F417574683241757468656E7469636174696F6EBD400B02166252130200024C000D73746F7265645265717565737474003C4C6F72672F737072696E676672616D65776F726B2F73656375726974792F6F61757468322F70726F76696465722F4F4175746832526571756573743B4C00127573657241757468656E7469636174696F6E7400324C6F72672F737072696E676672616D65776F726B2F73656375726974792F636F72652F41757468656E7469636174696F6E3B787200476F72672E737072696E676672616D65776F726B2E73656375726974792E61757468656E7469636174696F6E2E416273747261637441757468656E7469636174696F6E546F6B656ED3AA287E6E47640E0200035A000D61757468656E746963617465644C000B617574686F7269746965737400164C6A6176612F7574696C2F436F6C6C656374696F6E3B4C000764657461696C737400124C6A6176612F6C616E672F4F626A6563743B787000737200266A6176612E7574696C2E436F6C6C656374696F6E7324556E6D6F6469666961626C654C697374FC0F2531B5EC8E100200014C00046C6973747400104C6A6176612F7574696C2F4C6973743B7872002C6A6176612E7574696C2E436F6C6C656374696F6E7324556E6D6F6469666961626C65436F6C6C656374696F6E19420080CB5EF71E0200014C00016371007E00047870737200136A6176612E7574696C2E41727261794C6973747881D21D99C7619D03000149000473697A65787000000001770400000001737200426F72672E737072696E676672616D65776F726B2E73656375726974792E636F72652E617574686F726974792E53696D706C654772616E746564417574686F7269747900000000000002120200014C0004726F6C657400124C6A6176612F6C616E672F537472696E673B787074000541444D494E7871007E000C707372003A6F72672E737072696E676672616D65776F726B2E73656375726974792E6F61757468322E70726F76696465722E4F41757468325265717565737400000000000000010200075A0008617070726F7665644C000B617574686F72697469657371007E00044C000A657874656E73696F6E7374000F4C6A6176612F7574696C2F4D61703B4C000B726564697265637455726971007E000E4C00077265667265736874003B4C6F72672F737072696E676672616D65776F726B2F73656375726974792F6F61757468322F70726F76696465722F546F6B656E526571756573743B4C000B7265736F7572636549647374000F4C6A6176612F7574696C2F5365743B4C000D726573706F6E7365547970657371007E0014787200386F72672E737072696E676672616D65776F726B2E73656375726974792E6F61757468322E70726F76696465722E426173655265717565737436287A3EA37169BD0200034C0008636C69656E74496471007E000E4C001172657175657374506172616D657465727371007E00124C000573636F706571007E0014787074000772657374617070737200256A6176612E7574696C2E436F6C6C656374696F6E7324556E6D6F6469666961626C654D6170F1A5A8FE74F507420200014C00016D71007E00127870737200116A6176612E7574696C2E486173684D61700507DAC1C31660D103000246000A6C6F6164466163746F724900097468726573686F6C6478703F400000000000037708000000040000000274000A6772616E745F7479706574000870617373776F7264740008757365726E616D6574000561646D696E78737200256A6176612E7574696C2E436F6C6C656374696F6E7324556E6D6F6469666961626C65536574801D92D18F9B80550200007871007E0009737200176A6176612E7574696C2E4C696E6B656448617368536574D86CD75A95DD2A1E020000787200116A6176612E7574696C2E48617368536574BA44859596B8B7340300007870770C000000103F4000000000000274000A726F6C655F61646D696E74000F726F6C655F737570657261646D696E78017371007E0023770C000000103F40000000000000787371007E001A3F40000000000000770800000010000000007870707371007E0023770C000000103F4000000000000174000B7265736F75726365617070787371007E0023770C000000103F40000000000000787372004F6F72672E737072696E676672616D65776F726B2E73656375726974792E61757468656E7469636174696F6E2E557365726E616D6550617373776F726441757468656E7469636174696F6E546F6B656E00000000000002120200024C000B63726564656E7469616C7371007E00054C00097072696E636970616C71007E00057871007E0003017371007E00077371007E000B0000000177040000000171007E000F7871007E002F737200176A6176612E7574696C2E4C696E6B6564486173684D617034C04E5C106CC0FB0200015A000B6163636573734F726465727871007E001A3F400000000000067708000000080000000271007E001C71007E001D71007E001E71007E001F78007073720028636F6D2E6578616D706C652E726573746170692E6D6F64656C2E656E746974792E4163636F756E74A20AE0F6C94FCC0A0200095A00067374617475734C00076164647265737371007E000E4C0005656D61696C71007E000E4C000866756C6C4E616D6571007E000E4C000870617373776F726471007E000E4C000570686F6E6571007E000E4C0004726F6C657400274C636F6D2F6578616D706C652F726573746170692F6D6F64656C2F656E746974792F526F6C653B4C0005746F6B656E71007E000E4C0008757365726E616D6571007E000E7872002D636F6D2E6578616D706C652E726573746170692E6D6F64656C2E656E746974792E426173654964456E7469747900000000000000010200014C000269647400104C6A6176612F6C616E672F4C6F6E673B7872002B636F6D2E6578616D706C652E726573746170692E6D6F64656C2E656E746974792E42617365456E7469747900000000000000010200034C0009637265617465644F6E7400104C6A6176612F7574696C2F446174653B4C0009757064617465644F6E7400194C6A6176612F74696D652F4C6F63616C4461746554696D653B4C000776657273696F6E71007E00357870737200126A6176612E73716C2E54696D657374616D702618D5C80153BF650200014900056E616E6F737872000E6A6176612E7574696C2E44617465686A81014B59741903000078707708000001846580E18078000000007372000D6A6176612E74696D652E536572955D84BA1B2248B20C00007870770A05000007E60B0C0F1EFB787372000E6A6176612E6C616E672E4C6F6E673B8BE490CC8F23DF0200014A000576616C7565787200106A6176612E6C616E672E4E756D62657286AC951D0B94E08B020000787000000000000000027371007E003F00000000000000010174000A6173646173646173646174000F61646D696E40676D61696C2E636F6D74000561646D696E7400447B6263727970747D24326124313024454F733856524F62313465375A6E796476584543412E344C6F4968504F6F46484B7656462F69425A2F6B65723137456F637A34566974000A3331323331323331323373720025636F6D2E6578616D706C652E726573746170692E6D6F64656C2E656E746974792E526F6C65D8E76665FAFD8BE70200035A00067374617475734C000B6465736372697074696F6E71007E000E4C00046E616D6571007E000E7871007E00347371007E003A7708000001846581914878000000007371007E003D770A05000007E60B0B0E05FB7871007E004271007E00420174000561646D696E71007E00107074000561646D696E, '95e3314ba745264739d419f985faf879');
INSERT INTO `oauth_access_token` (`token_id`, `token`, `authentication_id`, `user_name`, `client_id`, `authentication`, `refresh_token`) VALUES ('4466e353e4399785fb6b75f64f67290b', 0xACED0005737200436F72672E737072696E676672616D65776F726B2E73656375726974792E6F61757468322E636F6D6D6F6E2E44656661756C744F4175746832416363657373546F6B656E0CB29E361B24FACE0200064C00156164646974696F6E616C496E666F726D6174696F6E74000F4C6A6176612F7574696C2F4D61703B4C000A65787069726174696F6E7400104C6A6176612F7574696C2F446174653B4C000C72656672657368546F6B656E74003F4C6F72672F737072696E676672616D65776F726B2F73656375726974792F6F61757468322F636F6D6D6F6E2F4F417574683252656672657368546F6B656E3B4C000573636F706574000F4C6A6176612F7574696C2F5365743B4C0009746F6B656E547970657400124C6A6176612F6C616E672F537472696E673B4C000576616C756571007E00057870737200176A6176612E7574696C2E4C696E6B6564486173684D617034C04E5C106CC0FB0200015A000B6163636573734F72646572787200116A6176612E7574696C2E486173684D61700507DAC1C31660D103000246000A6C6F6164466163746F724900097468726573686F6C6478703F4000000000000C770800000010000000077400096163636F756E7449647372000E6A6176612E6C616E672E4C6F6E673B8BE490CC8F23DF0200014A000576616C7565787200106A6176612E6C616E672E4E756D62657286AC951D0B94E08B02000078700000000000000008740008757365726E616D657400057573657231740005656D61696C74000F557365723140676D61696C2E636F6D74000866756C6C4E616D65740005557365723174000570686F6E6574000A30393535313535323535740004726F6C65740004555345527400036A746974002432353037333966342D656132312D346364662D383535372D34653363303632616439373978007372000E6A6176612E7574696C2E44617465686A81014B5974190300007870770800000184D9E6056A787372004C6F72672E737072696E676672616D65776F726B2E73656375726974792E6F61757468322E636F6D6D6F6E2E44656661756C744578706972696E674F417574683252656672657368546F6B656E2FDF47639DD0C9B70200014C000A65787069726174696F6E71007E0002787200446F72672E737072696E676672616D65776F726B2E73656375726974792E6F61757468322E636F6D6D6F6E2E44656661756C744F417574683252656672657368546F6B656E73E10E0A6354D45E0200014C000576616C756571007E0005787074022365794A68624763694F694A49557A49314E694973496E523563434936496B705856434A392E65794A796232786C496A6F6956564E4655694973496E567A5A584A66626D46745A534936496E567A5A584978496977695A6E567362453568625755694F694A56633256794D534973496D463164476876636D6C306157567A496A7062496C56545256496958537769593278705A57353058326C6B496A6F69636D567A6447467763434973496D466A59323931626E524A5A4349364F4377695958566B496A7062496E4A6C63323931636D4E6C59584277496C3073496E426F6232356C496A6F694D446B314E5445314E5449314E534973496E4E6A6233426C496A7062496E4A766247566659575274615734694C434A796232786C58334E316347567959575274615734695853776959585270496A6F694D6A55774E7A4D355A6A51745A5745794D5330305932526D4C5467314E5463744E47557A597A41324D6D466B4F546335496977695A586877496A6F784E6A63774D54417A4D4451784C434A7164476B694F6949354E7A59314E4452684F4330784D5463314C5451784E7A6B744F47566A595330345A444A68597A52694D575578596D59694C434A6C6257467062434936496C567A5A5849785147647459576C734C6D4E7662534973496E567A5A584A755957316C496A6F6964584E6C636A456966512E636870493748446A7A5037634D324833314B39696657672D79386D486D3275474E4C4D5A4B7470734455777371007E001A770800000184D9E6053F78737200256A6176612E7574696C2E436F6C6C656374696F6E7324556E6D6F6469666961626C65536574801D92D18F9B80550200007872002C6A6176612E7574696C2E436F6C6C656374696F6E7324556E6D6F6469666961626C65436F6C6C656374696F6E19420080CB5EF71E0200014C0001637400164C6A6176612F7574696C2F436F6C6C656374696F6E3B7870737200176A6176612E7574696C2E4C696E6B656448617368536574D86CD75A95DD2A1E020000787200116A6176612E7574696C2E48617368536574BA44859596B8B7340300007870770C000000043F4000000000000274000A726F6C655F61646D696E74000F726F6C655F737570657261646D696E787400066265617265727401E765794A68624763694F694A49557A49314E694973496E523563434936496B705856434A392E65794A796232786C496A6F6956564E4655694973496E567A5A584A66626D46745A534936496E567A5A584978496977695A6E567362453568625755694F694A56633256794D534973496D463164476876636D6C306157567A496A7062496C56545256496958537769593278705A57353058326C6B496A6F69636D567A6447467763434973496D466A59323931626E524A5A4349364F4377695958566B496A7062496E4A6C63323931636D4E6C59584277496C3073496E426F6232356C496A6F694D446B314E5445314E5449314E534973496E4E6A6233426C496A7062496E4A766247566659575274615734694C434A796232786C58334E31634756795957527461573469585377695A586877496A6F784E6A63774D54417A4D4451784C434A7164476B694F6949794E5441334D7A6C6D4E43316C595449784C54526A5A4759744F4455314E7930305A544E6A4D445979595751354E7A6B694C434A6C6257467062434936496C567A5A5849785147647459576C734C6D4E7662534973496E567A5A584A755957316C496A6F6964584E6C636A456966512E473377517A5F434B304A6474664F5A625963465F6672477A6D4C596C336153344C67744E486F6C4B724234, '3476d60628b56ffb0141ec3843f7c903', 'user1', 'restapp', 0xACED0005737200416F72672E737072696E676672616D65776F726B2E73656375726974792E6F61757468322E70726F76696465722E4F417574683241757468656E7469636174696F6EBD400B02166252130200024C000D73746F7265645265717565737474003C4C6F72672F737072696E676672616D65776F726B2F73656375726974792F6F61757468322F70726F76696465722F4F4175746832526571756573743B4C00127573657241757468656E7469636174696F6E7400324C6F72672F737072696E676672616D65776F726B2F73656375726974792F636F72652F41757468656E7469636174696F6E3B787200476F72672E737072696E676672616D65776F726B2E73656375726974792E61757468656E7469636174696F6E2E416273747261637441757468656E7469636174696F6E546F6B656ED3AA287E6E47640E0200035A000D61757468656E746963617465644C000B617574686F7269746965737400164C6A6176612F7574696C2F436F6C6C656374696F6E3B4C000764657461696C737400124C6A6176612F6C616E672F4F626A6563743B787000737200266A6176612E7574696C2E436F6C6C656374696F6E7324556E6D6F6469666961626C654C697374FC0F2531B5EC8E100200014C00046C6973747400104C6A6176612F7574696C2F4C6973743B7872002C6A6176612E7574696C2E436F6C6C656374696F6E7324556E6D6F6469666961626C65436F6C6C656374696F6E19420080CB5EF71E0200014C00016371007E00047870737200136A6176612E7574696C2E41727261794C6973747881D21D99C7619D03000149000473697A65787000000001770400000001737200426F72672E737072696E676672616D65776F726B2E73656375726974792E636F72652E617574686F726974792E53696D706C654772616E746564417574686F7269747900000000000002120200014C0004726F6C657400124C6A6176612F6C616E672F537472696E673B7870740004555345527871007E000C707372003A6F72672E737072696E676672616D65776F726B2E73656375726974792E6F61757468322E70726F76696465722E4F41757468325265717565737400000000000000010200075A0008617070726F7665644C000B617574686F72697469657371007E00044C000A657874656E73696F6E7374000F4C6A6176612F7574696C2F4D61703B4C000B726564697265637455726971007E000E4C00077265667265736874003B4C6F72672F737072696E676672616D65776F726B2F73656375726974792F6F61757468322F70726F76696465722F546F6B656E526571756573743B4C000B7265736F7572636549647374000F4C6A6176612F7574696C2F5365743B4C000D726573706F6E7365547970657371007E0014787200386F72672E737072696E676672616D65776F726B2E73656375726974792E6F61757468322E70726F76696465722E426173655265717565737436287A3EA37169BD0200034C0008636C69656E74496471007E000E4C001172657175657374506172616D657465727371007E00124C000573636F706571007E0014787074000772657374617070737200256A6176612E7574696C2E436F6C6C656374696F6E7324556E6D6F6469666961626C654D6170F1A5A8FE74F507420200014C00016D71007E00127870737200116A6176612E7574696C2E486173684D61700507DAC1C31660D103000246000A6C6F6164466163746F724900097468726573686F6C6478703F400000000000037708000000040000000274000A6772616E745F7479706574000870617373776F7264740008757365726E616D65740005757365723178737200256A6176612E7574696C2E436F6C6C656374696F6E7324556E6D6F6469666961626C65536574801D92D18F9B80550200007871007E0009737200176A6176612E7574696C2E4C696E6B656448617368536574D86CD75A95DD2A1E020000787200116A6176612E7574696C2E48617368536574BA44859596B8B7340300007870770C000000103F4000000000000274000A726F6C655F61646D696E74000F726F6C655F737570657261646D696E78017371007E0023770C000000103F40000000000000787371007E001A3F40000000000000770800000010000000007870707371007E0023770C000000103F4000000000000174000B7265736F75726365617070787371007E0023770C000000103F40000000000000787372004F6F72672E737072696E676672616D65776F726B2E73656375726974792E61757468656E7469636174696F6E2E557365726E616D6550617373776F726441757468656E7469636174696F6E546F6B656E00000000000002120200024C000B63726564656E7469616C7371007E00054C00097072696E636970616C71007E00057871007E0003017371007E00077371007E000B0000000177040000000171007E000F7871007E002F737200176A6176612E7574696C2E4C696E6B6564486173684D617034C04E5C106CC0FB0200015A000B6163636573734F726465727871007E001A3F400000000000067708000000080000000271007E001C71007E001D71007E001E71007E001F78007073720028636F6D2E6578616D706C652E726573746170692E6D6F64656C2E656E746974792E4163636F756E74A20AE0F6C94FCC0A0200095A00067374617475734C00076164647265737371007E000E4C0005656D61696C71007E000E4C000866756C6C4E616D6571007E000E4C000870617373776F726471007E000E4C000570686F6E6571007E000E4C0004726F6C657400274C636F6D2F6578616D706C652F726573746170692F6D6F64656C2F656E746974792F526F6C653B4C0005746F6B656E71007E000E4C0008757365726E616D6571007E000E7872002D636F6D2E6578616D706C652E726573746170692E6D6F64656C2E656E746974792E426173654964456E7469747900000000000000010200014C000269647400104C6A6176612F6C616E672F4C6F6E673B7872002B636F6D2E6578616D706C652E726573746170692E6D6F64656C2E656E746974792E42617365456E7469747900000000000000010200034C0009637265617465644F6E7400104C6A6176612F7574696C2F446174653B4C0009757064617465644F6E7400194C6A6176612F74696D652F4C6F63616C4461746554696D653B4C000776657273696F6E71007E00357870737200126A6176612E73716C2E54696D657374616D702618D5C80153BF650200014900056E616E6F737872000E6A6176612E7574696C2E44617465686A81014B5974190300007870770800000184A9ECC3E878000000007372000D6A6176612E74696D652E536572955D84BA1B2248B20C00007870770A05000007E60C03130FDA787372000E6A6176612E6C616E672E4C6F6E673B8BE490CC8F23DF0200014A000576616C7565787200106A6176612E6C616E672E4E756D62657286AC951D0B94E08B020000787000000000000000067371007E003F000000000000000801740038313020C491C6B0E1BB9D6E67203132204C6F6E67205068C6B0E1BB9B632C205175E1BAAD6E20392C2054702E5468E1BBA720C490E1BBA96374000F557365723140676D61696C2E636F6D74000555736572317400447B6263727970747D24326124313024454F733856524F62313465375A6E796476584543412E344C6F4968504F6F46484B7656462F69425A2F6B65723137456F637A34566974000A3039353531353532353573720025636F6D2E6578616D706C652E726573746170692E6D6F64656C2E656E746974792E526F6C65D8E76665FAFD8BE70200035A00067374617475734C000B6465736372697074696F6E71007E000E4C00046E616D6571007E000E7871007E00347371007E003A770800000184673D56C078000000007371007E003D770A05000007E60B0B1609CF787371007E003F00000000000000017371007E003F0000000000000002017400047573657271007E00107400A36650695556412D52516865416271375650465376314E3A41504139316245506279736C56476D553671313774614B34664252454E714634416A3832546142487857617A66486C7465554255546A395176705748685579587437564769564146616B645A66556F4975334F49396F343553396A414A6C75326B6466686E496239637075665948653252394738724A52667673484931535153704A6D72345972384C48304B7400057573657231, '842b72e3444d31e8e1d14c14423afa5f');
INSERT INTO `oauth_access_token` (`token_id`, `token`, `authentication_id`, `user_name`, `client_id`, `authentication`, `refresh_token`) VALUES ('8caf6a6fd5aa69f2d52ad587315db1bd', 0xACED0005737200436F72672E737072696E676672616D65776F726B2E73656375726974792E6F61757468322E636F6D6D6F6E2E44656661756C744F4175746832416363657373546F6B656E0CB29E361B24FACE0200064C00156164646974696F6E616C496E666F726D6174696F6E74000F4C6A6176612F7574696C2F4D61703B4C000A65787069726174696F6E7400104C6A6176612F7574696C2F446174653B4C000C72656672657368546F6B656E74003F4C6F72672F737072696E676672616D65776F726B2F73656375726974792F6F61757468322F636F6D6D6F6E2F4F417574683252656672657368546F6B656E3B4C000573636F706574000F4C6A6176612F7574696C2F5365743B4C0009746F6B656E547970657400124C6A6176612F6C616E672F537472696E673B4C000576616C756571007E00057870737200176A6176612E7574696C2E4C696E6B6564486173684D617034C04E5C106CC0FB0200015A000B6163636573734F72646572787200116A6176612E7574696C2E486173684D61700507DAC1C31660D103000246000A6C6F6164466163746F724900097468726573686F6C6478703F4000000000000C7708000000100000000874000A706861726D61637949647372000E6A6176612E6C616E672E4C6F6E673B8BE490CC8F23DF0200014A000576616C7565787200106A6176612E6C616E672E4E756D62657286AC951D0B94E08B020000787000000000000000017400096163636F756E7449647371007E000B0000000000000005740008757365726E616D65740009706861726D61637931740005656D61696C740013706861726D6163793140676D61696C2E636F6D74000866756C6C4E616D65740009506861726D6163793174000570686F6E6574000A30393639373836383839740004726F6C65740008504841524D4143597400036A746974002438653066383331652D333633302D346565322D396130632D31376661323661343761326478007372000E6A6176612E7574696C2E44617465686A81014B5974190300007870770800000184DA4E026E787372004C6F72672E737072696E676672616D65776F726B2E73656375726974792E6F61757468322E636F6D6D6F6E2E44656661756C744578706972696E674F417574683252656672657368546F6B656E2FDF47639DD0C9B70200014C000A65787069726174696F6E71007E0002787200446F72672E737072696E676672616D65776F726B2E73656375726974792E6F61757468322E636F6D6D6F6E2E44656661756C744F417574683252656672657368546F6B656E73E10E0A6354D45E0200014C000576616C756571007E0005787074025765794A68624763694F694A49557A49314E694973496E523563434936496B705856434A392E65794A77614746796257466A65556C6B496A6F784C434A796232786C496A6F6955456842556B314251316B694C434A316332567958323568625755694F694A77614746796257466A655445694C434A6D64577873546D46745A534936496C426F59584A7459574E354D534973496D463164476876636D6C306157567A496A7062496C424951564A4E51554E5A496C3073496D4E7361575675644639705A434936496E4A6C63335268634841694C434A6859324E7664573530535751694F6A5573496D46315A43493657794A795A584E7664584A6A5A57467763434A644C434A77614739755A534936496A41354E6A6B334F4459344F446B694C434A7A593239775A53493657794A796232786C5832466B62576C7549697769636D39735A56397A6458426C636D466B62576C75496C3073496D463061534936496A686C4D4759344D7A466C4C544D324D7A41744E47566C4D6930355954426A4C5445335A6D45794E6D45304E3245795A434973496D5634634349364D5459334D4445774F5467314E697769616E5270496A6F694E3249354D4442684D7A49744D4751344D6930304F47566C4C574A6A4D546B744D4467344F445A684D6D46684F44526D496977695A573168615777694F694A77614746796257466A655446415A32316861577775593239744969776964584E6C636D3568625755694F694A77614746796257466A6554456966512E61646B744178726E554B4D3477646F4B664E447A73616F456A59426A693066726E666A6B634166613663457371007E001C770800000184DA4E023F78737200256A6176612E7574696C2E436F6C6C656374696F6E7324556E6D6F6469666961626C65536574801D92D18F9B80550200007872002C6A6176612E7574696C2E436F6C6C656374696F6E7324556E6D6F6469666961626C65436F6C6C656374696F6E19420080CB5EF71E0200014C0001637400164C6A6176612F7574696C2F436F6C6C656374696F6E3B7870737200176A6176612E7574696C2E4C696E6B656448617368536574D86CD75A95DD2A1E020000787200116A6176612E7574696C2E48617368536574BA44859596B8B7340300007870770C000000043F4000000000000274000A726F6C655F61646D696E74000F726F6C655F737570657261646D696E7874000662656172657274021B65794A68624763694F694A49557A49314E694973496E523563434936496B705856434A392E65794A77614746796257466A65556C6B496A6F784C434A796232786C496A6F6955456842556B314251316B694C434A316332567958323568625755694F694A77614746796257466A655445694C434A6D64577873546D46745A534936496C426F59584A7459574E354D534973496D463164476876636D6C306157567A496A7062496C424951564A4E51554E5A496C3073496D4E7361575675644639705A434936496E4A6C63335268634841694C434A6859324E7664573530535751694F6A5573496D46315A43493657794A795A584E7664584A6A5A57467763434A644C434A77614739755A534936496A41354E6A6B334F4459344F446B694C434A7A593239775A53493657794A796232786C5832466B62576C7549697769636D39735A56397A6458426C636D466B62576C75496C3073496D5634634349364D5459334D4445774F5467314E697769616E5270496A6F694F4755775A6A677A4D5755744D7A597A4D4330305A5755794C546C684D474D744D54646D595449325954513359544A6B496977695A573168615777694F694A77614746796257466A655446415A32316861577775593239744969776964584E6C636D3568625755694F694A77614746796257466A6554456966512E57506B687670554D446A50494847414D7A4B5F2D2D6A72616876413835376774574B704B71596951547867, 'b2b4fd701a307a9490b7a0a64f577b1a', 'pharmacy1', 'restapp', 0xACED0005737200416F72672E737072696E676672616D65776F726B2E73656375726974792E6F61757468322E70726F76696465722E4F417574683241757468656E7469636174696F6EBD400B02166252130200024C000D73746F7265645265717565737474003C4C6F72672F737072696E676672616D65776F726B2F73656375726974792F6F61757468322F70726F76696465722F4F4175746832526571756573743B4C00127573657241757468656E7469636174696F6E7400324C6F72672F737072696E676672616D65776F726B2F73656375726974792F636F72652F41757468656E7469636174696F6E3B787200476F72672E737072696E676672616D65776F726B2E73656375726974792E61757468656E7469636174696F6E2E416273747261637441757468656E7469636174696F6E546F6B656ED3AA287E6E47640E0200035A000D61757468656E746963617465644C000B617574686F7269746965737400164C6A6176612F7574696C2F436F6C6C656374696F6E3B4C000764657461696C737400124C6A6176612F6C616E672F4F626A6563743B787000737200266A6176612E7574696C2E436F6C6C656374696F6E7324556E6D6F6469666961626C654C697374FC0F2531B5EC8E100200014C00046C6973747400104C6A6176612F7574696C2F4C6973743B7872002C6A6176612E7574696C2E436F6C6C656374696F6E7324556E6D6F6469666961626C65436F6C6C656374696F6E19420080CB5EF71E0200014C00016371007E00047870737200136A6176612E7574696C2E41727261794C6973747881D21D99C7619D03000149000473697A65787000000001770400000001737200426F72672E737072696E676672616D65776F726B2E73656375726974792E636F72652E617574686F726974792E53696D706C654772616E746564417574686F7269747900000000000002120200014C0004726F6C657400124C6A6176612F6C616E672F537472696E673B7870740008504841524D4143597871007E000C707372003A6F72672E737072696E676672616D65776F726B2E73656375726974792E6F61757468322E70726F76696465722E4F41757468325265717565737400000000000000010200075A0008617070726F7665644C000B617574686F72697469657371007E00044C000A657874656E73696F6E7374000F4C6A6176612F7574696C2F4D61703B4C000B726564697265637455726971007E000E4C00077265667265736874003B4C6F72672F737072696E676672616D65776F726B2F73656375726974792F6F61757468322F70726F76696465722F546F6B656E526571756573743B4C000B7265736F7572636549647374000F4C6A6176612F7574696C2F5365743B4C000D726573706F6E7365547970657371007E0014787200386F72672E737072696E676672616D65776F726B2E73656375726974792E6F61757468322E70726F76696465722E426173655265717565737436287A3EA37169BD0200034C0008636C69656E74496471007E000E4C001172657175657374506172616D657465727371007E00124C000573636F706571007E0014787074000772657374617070737200256A6176612E7574696C2E436F6C6C656374696F6E7324556E6D6F6469666961626C654D6170F1A5A8FE74F507420200014C00016D71007E00127870737200116A6176612E7574696C2E486173684D61700507DAC1C31660D103000246000A6C6F6164466163746F724900097468726573686F6C6478703F400000000000037708000000040000000274000A6772616E745F7479706574000870617373776F7264740008757365726E616D65740009706861726D6163793178737200256A6176612E7574696C2E436F6C6C656374696F6E7324556E6D6F6469666961626C65536574801D92D18F9B80550200007871007E0009737200176A6176612E7574696C2E4C696E6B656448617368536574D86CD75A95DD2A1E020000787200116A6176612E7574696C2E48617368536574BA44859596B8B7340300007870770C000000103F4000000000000274000A726F6C655F61646D696E74000F726F6C655F737570657261646D696E78017371007E0023770C000000103F40000000000000787371007E001A3F40000000000000770800000010000000007870707371007E0023770C000000103F4000000000000174000B7265736F75726365617070787371007E0023770C000000103F40000000000000787372004F6F72672E737072696E676672616D65776F726B2E73656375726974792E61757468656E7469636174696F6E2E557365726E616D6550617373776F726441757468656E7469636174696F6E546F6B656E00000000000002120200024C000B63726564656E7469616C7371007E00054C00097072696E636970616C71007E00057871007E0003017371007E00077371007E000B0000000177040000000171007E000F7871007E002F737200176A6176612E7574696C2E4C696E6B6564486173684D617034C04E5C106CC0FB0200015A000B6163636573734F726465727871007E001A3F400000000000067708000000080000000271007E001C71007E001D71007E001E71007E001F78007073720028636F6D2E6578616D706C652E726573746170692E6D6F64656C2E656E746974792E4163636F756E74A20AE0F6C94FCC0A0200095A00067374617475734C00076164647265737371007E000E4C0005656D61696C71007E000E4C000866756C6C4E616D6571007E000E4C000870617373776F726471007E000E4C000570686F6E6571007E000E4C0004726F6C657400274C636F6D2F6578616D706C652F726573746170692F6D6F64656C2F656E746974792F526F6C653B4C0005746F6B656E71007E000E4C0008757365726E616D6571007E000E7872002D636F6D2E6578616D706C652E726573746170692E6D6F64656C2E656E746974792E426173654964456E7469747900000000000000010200014C000269647400104C6A6176612F6C616E672F4C6F6E673B7872002B636F6D2E6578616D706C652E726573746170692E6D6F64656C2E656E746974792E42617365456E7469747900000000000000010200034C0009637265617465644F6E7400104C6A6176612F7574696C2F446174653B4C0009757064617465644F6E7400194C6A6176612F74696D652F4C6F63616C4461746554696D653B4C000776657273696F6E71007E00357870737200126A6176612E73716C2E54696D657374616D702618D5C80153BF650200014900056E616E6F737872000E6A6176612E7574696C2E44617465686A81014B5974190300007870770800000184A9D74FB878000000007372000D6A6176612E74696D652E536572955D84BA1B2248B20C00007870770A05000007E60C031218EE787372000E6A6176612E6C616E672E4C6F6E673B8BE490CC8F23DF0200014A000576616C7565787200106A6176612E6C616E672E4E756D62657286AC951D0B94E08B020000787000000000000000027371007E003F00000000000000050174002C34342F34204E677579E1BB856E205468E1BB8B204D696E68204B6861692C205175E1BAAD6E20312C2048434D740013706861726D6163793140676D61696C2E636F6D740009506861726D616379317400447B6263727970747D24326124313024454F733856524F62313465375A6E796476584543412E344C6F4968504F6F46484B7656462F69425A2F6B65723137456F637A34566974000A3039363937383638383973720025636F6D2E6578616D706C652E726573746170692E6D6F64656C2E656E746974792E526F6C65D8E76665FAFD8BE70200035A00067374617475734C000B6465736372697074696F6E71007E000E4C00046E616D6571007E000E7871007E00347371007E003A770800000184673DEB3078000000007371007E003D770A05000007E60B0B160AE6787371007E003F00000000000000017371007E003F000000000000000301740008706861726D61637971007E00107400A36650695556412D52516865416271375650465376314E3A41504139316245506279736C56476D553671313774614B34664252454E714634416A3832546142487857617A66486C7465554255546A395176705748685579587437564769564146616B645A66556F4975334F49396F343553396A414A6C75326B6466686E496239637075665948653252394738724A52667673484931535153704A6D72345972384C48304B740009706861726D61637931, '0f4f981b5adfa50ecd85dbe304ce31d9');
INSERT INTO `oauth_access_token` (`token_id`, `token`, `authentication_id`, `user_name`, `client_id`, `authentication`, `refresh_token`) VALUES ('8de7dd205cf3c56023e9501c649b0407', 0xACED0005737200436F72672E737072696E676672616D65776F726B2E73656375726974792E6F61757468322E636F6D6D6F6E2E44656661756C744F4175746832416363657373546F6B656E0CB29E361B24FACE0200064C00156164646974696F6E616C496E666F726D6174696F6E74000F4C6A6176612F7574696C2F4D61703B4C000A65787069726174696F6E7400104C6A6176612F7574696C2F446174653B4C000C72656672657368546F6B656E74003F4C6F72672F737072696E676672616D65776F726B2F73656375726974792F6F61757468322F636F6D6D6F6E2F4F417574683252656672657368546F6B656E3B4C000573636F706574000F4C6A6176612F7574696C2F5365743B4C0009746F6B656E547970657400124C6A6176612F6C616E672F537472696E673B4C000576616C756571007E00057870737200176A6176612E7574696C2E4C696E6B6564486173684D617034C04E5C106CC0FB0200015A000B6163636573734F72646572787200116A6176612E7574696C2E486173684D61700507DAC1C31660D103000246000A6C6F6164466163746F724900097468726573686F6C6478703F4000000000000C7708000000100000000974000B616D62756C616E636549647372000E6A6176612E6C616E672E4C6F6E673B8BE490CC8F23DF0200014A000576616C7565787200106A6176612E6C616E672E4E756D62657286AC951D0B94E08B0200007870000000000000000274000B6E756D626572506C6174657400093539482D30303839387400096163636F756E7449647371007E000B0000000000000003740008757365726E616D6574000A616D62756C616E636532740005656D61696C740014616D62756C616E63653240676D61696C2E636F6D74000866756C6C4E616D6574000A416D62756C616E63653274000570686F6E6574000A30383939303030323232740004726F6C65740009414D42554C414E43457400036A746974002438356638303663622D313935642D346430312D396537322D32653831396533376536373778007372000E6A6176612E7574696C2E44617465686A81014B5974190300007870770800000184D9A9D8E3787372004C6F72672E737072696E676672616D65776F726B2E73656375726974792E6F61757468322E636F6D6D6F6E2E44656661756C744578706972696E674F417574683252656672657368546F6B656E2FDF47639DD0C9B70200014C000A65787069726174696F6E71007E0002787200446F72672E737072696E676672616D65776F726B2E73656375726974792E6F61757468322E636F6D6D6F6E2E44656661756C744F417574683252656672657368546F6B656E73E10E0A6354D45E0200014C000576616C756571007E0005787074028365794A68624763694F694A49557A49314E694973496E523563434936496B705856434A392E65794A796232786C496A6F695155314356557842546B4E464969776964584E6C636C39755957316C496A6F695957316964577868626D4E6C4D694973496D5A316247784F5957316C496A6F695157316964577868626D4E6C4D694973496D463164476876636D6C306157567A496A7062496B464E516C564D5155354452534A644C434A75645731695A584A51624746305A534936496A5535534330774D4467354F434973496D4E7361575675644639705A434936496E4A6C63335268634841694C434A6859324E7664573530535751694F6A4D73496D46315A43493657794A795A584E7664584A6A5A57467763434A644C434A77614739755A534936496A41344F546B774D4441794D6A49694C434A7A593239775A53493657794A796232786C5832466B62576C7549697769636D39735A56397A6458426C636D466B62576C75496C3073496D463061534936496A67315A6A67774E6D4E694C5445354E5751744E4751774D5330355A5463794C544A6C4F4445355A544D335A5459334E794973496D4674596E56735957356A5A556C6B496A6F794C434A6C654841694F6A45324E7A41774F546B774F546373496D703061534936496A4D7A4F44426C4E6D4D7A4C544E694E7A51744E4445324D6930344E6A6B794C5449344D6D49774E7A67794F474D324D534973496D567459576C73496A6F695957316964577868626D4E6C4D6B426E625746706243356A623230694C434A3163325679626D46745A534936496D4674596E56735957356A5A54496966512E513075334E7632474B4B5F3344676B62374E37484E4C4442326B44435068365A5455784477486A6E484E677371007E001E770800000184D9A9D8B178737200256A6176612E7574696C2E436F6C6C656374696F6E7324556E6D6F6469666961626C65536574801D92D18F9B80550200007872002C6A6176612E7574696C2E436F6C6C656374696F6E7324556E6D6F6469666961626C65436F6C6C656374696F6E19420080CB5EF71E0200014C0001637400164C6A6176612F7574696C2F436F6C6C656374696F6E3B7870737200176A6176612E7574696C2E4C696E6B656448617368536574D86CD75A95DD2A1E020000787200116A6176612E7574696C2E48617368536574BA44859596B8B7340300007870770C000000043F4000000000000274000A726F6C655F61646D696E74000F726F6C655F737570657261646D696E7874000662656172657274024765794A68624763694F694A49557A49314E694973496E523563434936496B705856434A392E65794A796232786C496A6F695155314356557842546B4E464969776964584E6C636C39755957316C496A6F695957316964577868626D4E6C4D694973496D5A316247784F5957316C496A6F695157316964577868626D4E6C4D694973496D463164476876636D6C306157567A496A7062496B464E516C564D5155354452534A644C434A75645731695A584A51624746305A534936496A5535534330774D4467354F434973496D4E7361575675644639705A434936496E4A6C63335268634841694C434A6859324E7664573530535751694F6A4D73496D46315A43493657794A795A584E7664584A6A5A57467763434A644C434A77614739755A534936496A41344F546B774D4441794D6A49694C434A7A593239775A53493657794A796232786C5832466B62576C7549697769636D39735A56397A6458426C636D466B62576C75496C3073496D4674596E56735957356A5A556C6B496A6F794C434A6C654841694F6A45324E7A41774F546B774F546373496D703061534936496A67315A6A67774E6D4E694C5445354E5751744E4751774D5330355A5463794C544A6C4F4445355A544D335A5459334E794973496D567459576C73496A6F695957316964577868626D4E6C4D6B426E625746706243356A623230694C434A3163325679626D46745A534936496D4674596E56735957356A5A54496966512E7458692D61544E55555F4E44706361723331366C7349614A79666978623771736B646851615F476D527673, 'a61a4c8f52ab883e23953c47acce8673', 'ambulance2', 'restapp', 0xACED0005737200416F72672E737072696E676672616D65776F726B2E73656375726974792E6F61757468322E70726F76696465722E4F417574683241757468656E7469636174696F6EBD400B02166252130200024C000D73746F7265645265717565737474003C4C6F72672F737072696E676672616D65776F726B2F73656375726974792F6F61757468322F70726F76696465722F4F4175746832526571756573743B4C00127573657241757468656E7469636174696F6E7400324C6F72672F737072696E676672616D65776F726B2F73656375726974792F636F72652F41757468656E7469636174696F6E3B787200476F72672E737072696E676672616D65776F726B2E73656375726974792E61757468656E7469636174696F6E2E416273747261637441757468656E7469636174696F6E546F6B656ED3AA287E6E47640E0200035A000D61757468656E746963617465644C000B617574686F7269746965737400164C6A6176612F7574696C2F436F6C6C656374696F6E3B4C000764657461696C737400124C6A6176612F6C616E672F4F626A6563743B787000737200266A6176612E7574696C2E436F6C6C656374696F6E7324556E6D6F6469666961626C654C697374FC0F2531B5EC8E100200014C00046C6973747400104C6A6176612F7574696C2F4C6973743B7872002C6A6176612E7574696C2E436F6C6C656374696F6E7324556E6D6F6469666961626C65436F6C6C656374696F6E19420080CB5EF71E0200014C00016371007E00047870737200136A6176612E7574696C2E41727261794C6973747881D21D99C7619D03000149000473697A65787000000001770400000001737200426F72672E737072696E676672616D65776F726B2E73656375726974792E636F72652E617574686F726974792E53696D706C654772616E746564417574686F7269747900000000000002120200014C0004726F6C657400124C6A6176612F6C616E672F537472696E673B7870740009414D42554C414E43457871007E000C707372003A6F72672E737072696E676672616D65776F726B2E73656375726974792E6F61757468322E70726F76696465722E4F41757468325265717565737400000000000000010200075A0008617070726F7665644C000B617574686F72697469657371007E00044C000A657874656E73696F6E7374000F4C6A6176612F7574696C2F4D61703B4C000B726564697265637455726971007E000E4C00077265667265736874003B4C6F72672F737072696E676672616D65776F726B2F73656375726974792F6F61757468322F70726F76696465722F546F6B656E526571756573743B4C000B7265736F7572636549647374000F4C6A6176612F7574696C2F5365743B4C000D726573706F6E7365547970657371007E0014787200386F72672E737072696E676672616D65776F726B2E73656375726974792E6F61757468322E70726F76696465722E426173655265717565737436287A3EA37169BD0200034C0008636C69656E74496471007E000E4C001172657175657374506172616D657465727371007E00124C000573636F706571007E0014787074000772657374617070737200256A6176612E7574696C2E436F6C6C656374696F6E7324556E6D6F6469666961626C654D6170F1A5A8FE74F507420200014C00016D71007E00127870737200116A6176612E7574696C2E486173684D61700507DAC1C31660D103000246000A6C6F6164466163746F724900097468726573686F6C6478703F400000000000037708000000040000000274000A6772616E745F7479706574000870617373776F7264740008757365726E616D6574000A616D62756C616E63653278737200256A6176612E7574696C2E436F6C6C656374696F6E7324556E6D6F6469666961626C65536574801D92D18F9B80550200007871007E0009737200176A6176612E7574696C2E4C696E6B656448617368536574D86CD75A95DD2A1E020000787200116A6176612E7574696C2E48617368536574BA44859596B8B7340300007870770C000000103F4000000000000274000A726F6C655F61646D696E74000F726F6C655F737570657261646D696E78017371007E0023770C000000103F40000000000000787371007E001A3F40000000000000770800000010000000007870707371007E0023770C000000103F4000000000000174000B7265736F75726365617070787371007E0023770C000000103F40000000000000787372004F6F72672E737072696E676672616D65776F726B2E73656375726974792E61757468656E7469636174696F6E2E557365726E616D6550617373776F726441757468656E7469636174696F6E546F6B656E00000000000002120200024C000B63726564656E7469616C7371007E00054C00097072696E636970616C71007E00057871007E0003017371007E00077371007E000B0000000177040000000171007E000F7871007E002F737200176A6176612E7574696C2E4C696E6B6564486173684D617034C04E5C106CC0FB0200015A000B6163636573734F726465727871007E001A3F400000000000067708000000080000000271007E001C71007E001D71007E001E71007E001F78007073720028636F6D2E6578616D706C652E726573746170692E6D6F64656C2E656E746974792E4163636F756E74A20AE0F6C94FCC0A0200095A00067374617475734C00076164647265737371007E000E4C0005656D61696C71007E000E4C000866756C6C4E616D6571007E000E4C000870617373776F726471007E000E4C000570686F6E6571007E000E4C0004726F6C657400274C636F6D2F6578616D706C652F726573746170692F6D6F64656C2F656E746974792F526F6C653B4C0005746F6B656E71007E000E4C0008757365726E616D6571007E000E7872002D636F6D2E6578616D706C652E726573746170692E6D6F64656C2E656E746974792E426173654964456E7469747900000000000000010200014C000269647400104C6A6176612F6C616E672F4C6F6E673B7872002B636F6D2E6578616D706C652E726573746170692E6D6F64656C2E656E746974792E42617365456E7469747900000000000000010200034C0009637265617465644F6E7400104C6A6176612F7574696C2F446174653B4C0009757064617465644F6E7400194C6A6176612F74696D652F4C6F63616C4461746554696D653B4C000776657273696F6E71007E00357870737200126A6176612E73716C2E54696D657374616D702618D5C80153BF650200014900056E616E6F737872000E6A6176612E7574696C2E44617465686A81014B5974190300007870770800000184A9D74FB878000000007372000D6A6176612E74696D652E536572955D84BA1B2248B20C00007870770A05000007E60B190D3BE2787372000E6A6176612E6C616E672E4C6F6E673B8BE490CC8F23DF0200014A000576616C7565787200106A6176612E6C616E672E4E756D62657286AC951D0B94E08B020000787000000000000000017371007E003F00000000000000030174002D3438204B68E1BB956E672054E1BBAD2C2042C3AC6E68205468E1BB8D2C2054702E5468E1BBA720C490E1BBA963740014616D62756C616E63653240676D61696C2E636F6D74000A416D62756C616E6365327400447B6263727970747D24326124313024454F733856524F62313465375A6E796476584543412E344C6F4968504F6F46484B7656462F69425A2F6B65723137456F637A34566974000A3038393930303032323273720025636F6D2E6578616D706C652E726573746170692E6D6F64656C2E656E746974792E526F6C65D8E76665FAFD8BE70200035A00067374617475734C000B6465736372697074696F6E71007E000E4C00046E616D6571007E000E7871007E00347371007E003A770800000184673E54A878000000007371007E003D770A05000007E60B0B160ACA7871007E00417371007E003F000000000000000401740009616D62756C616E636571007E00107400A36650695556412D52516865416271375650465376314E3A41504139316245506279736C56476D553671313774614B34664252454E714634416A3832546142487857617A66486C7465554255546A395176705748685579587437564769564146616B645A66556F4975334F49396F343553396A414A6C75326B6466686E496239637075665948653252394738724A52667673484931535153704A6D72345972384C48304B74000A616D62756C616E636532, '5509023541cdf9908de11681325bfa0c');
COMMIT;

-- ----------------------------
-- Table structure for oauth_client_details
-- ----------------------------
DROP TABLE IF EXISTS `oauth_client_details`;
CREATE TABLE `oauth_client_details` (
  `client_id` varchar(255) CHARACTER SET utf8mb3 NOT NULL,
  `resource_ids` varchar(255) CHARACTER SET utf8mb3 DEFAULT NULL,
  `client_secret` varchar(255) CHARACTER SET utf8mb3 DEFAULT NULL,
  `scope` varchar(255) CHARACTER SET utf8mb3 DEFAULT NULL,
  `authorized_grant_types` varchar(255) CHARACTER SET utf8mb3 DEFAULT NULL,
  `web_server_redirect_uri` varchar(255) CHARACTER SET utf8mb3 DEFAULT NULL,
  `authorities` varchar(255) CHARACTER SET utf8mb3 DEFAULT NULL,
  `access_token_validity` int DEFAULT NULL,
  `refresh_token_validity` int DEFAULT NULL,
  `additional_information` varchar(4096) CHARACTER SET utf8mb3 DEFAULT NULL,
  `autoapprove` varchar(255) CHARACTER SET utf8mb3 DEFAULT NULL,
  PRIMARY KEY (`client_id`)
) ENGINE=InnoDB DEFAULT CHARSET=utf8mb4 COLLATE=utf8mb4_general_ci;

-- ----------------------------
-- Records of oauth_client_details
-- ----------------------------
BEGIN;
INSERT INTO `oauth_client_details` (`client_id`, `resource_ids`, `client_secret`, `scope`, `authorized_grant_types`, `web_server_redirect_uri`, `authorities`, `access_token_validity`, `refresh_token_validity`, `additional_information`, `autoapprove`) VALUES ('restapp', 'resourceapp', '{bcrypt}$2a$10$EOs8VROb14e7ZnydvXECA.4LoIhPOoFHKvVF/iBZ/ker17Eocz4Vi', 'role_admin,role_superadmin', 'authorization_code,password,refresh_token,implicit', NULL, NULL, 43200, 43200, '{}', NULL);
COMMIT;

-- ----------------------------
-- Table structure for oauth_refresh_token
-- ----------------------------
DROP TABLE IF EXISTS `oauth_refresh_token`;
CREATE TABLE `oauth_refresh_token` (
  `token_id` varchar(256) CHARACTER SET latin1 DEFAULT NULL,
  `token` blob,
  `authentication` blob
) ENGINE=InnoDB DEFAULT CHARSET=utf8mb4 COLLATE=utf8mb4_general_ci;

-- ----------------------------
-- Records of oauth_refresh_token
-- ----------------------------
BEGIN;
INSERT INTO `oauth_refresh_token` (`token_id`, `token`, `authentication`) VALUES ('5509023541cdf9908de11681325bfa0c', 0xACED00057372004C6F72672E737072696E676672616D65776F726B2E73656375726974792E6F61757468322E636F6D6D6F6E2E44656661756C744578706972696E674F417574683252656672657368546F6B656E2FDF47639DD0C9B70200014C000A65787069726174696F6E7400104C6A6176612F7574696C2F446174653B787200446F72672E737072696E676672616D65776F726B2E73656375726974792E6F61757468322E636F6D6D6F6E2E44656661756C744F417574683252656672657368546F6B656E73E10E0A6354D45E0200014C000576616C75657400124C6A6176612F6C616E672F537472696E673B787074028365794A68624763694F694A49557A49314E694973496E523563434936496B705856434A392E65794A796232786C496A6F695155314356557842546B4E464969776964584E6C636C39755957316C496A6F695957316964577868626D4E6C4D694973496D5A316247784F5957316C496A6F695157316964577868626D4E6C4D694973496D463164476876636D6C306157567A496A7062496B464E516C564D5155354452534A644C434A75645731695A584A51624746305A534936496A5535534330774D4467354F434973496D4E7361575675644639705A434936496E4A6C63335268634841694C434A6859324E7664573530535751694F6A4D73496D46315A43493657794A795A584E7664584A6A5A57467763434A644C434A77614739755A534936496A41344F546B774D4441794D6A49694C434A7A593239775A53493657794A796232786C5832466B62576C7549697769636D39735A56397A6458426C636D466B62576C75496C3073496D463061534936496A67315A6A67774E6D4E694C5445354E5751744E4751774D5330355A5463794C544A6C4F4445355A544D335A5459334E794973496D4674596E56735957356A5A556C6B496A6F794C434A6C654841694F6A45324E7A41774F546B774F546373496D703061534936496A4D7A4F44426C4E6D4D7A4C544E694E7A51744E4445324D6930344E6A6B794C5449344D6D49774E7A67794F474D324D534973496D567459576C73496A6F695957316964577868626D4E6C4D6B426E625746706243356A623230694C434A3163325679626D46745A534936496D4674596E56735957356A5A54496966512E513075334E7632474B4B5F3344676B62374E37484E4C4442326B44435068365A5455784477486A6E484E677372000E6A6176612E7574696C2E44617465686A81014B5974190300007870770800000184D9A9D8B178, 0xACED0005737200416F72672E737072696E676672616D65776F726B2E73656375726974792E6F61757468322E70726F76696465722E4F417574683241757468656E7469636174696F6EBD400B02166252130200024C000D73746F7265645265717565737474003C4C6F72672F737072696E676672616D65776F726B2F73656375726974792F6F61757468322F70726F76696465722F4F4175746832526571756573743B4C00127573657241757468656E7469636174696F6E7400324C6F72672F737072696E676672616D65776F726B2F73656375726974792F636F72652F41757468656E7469636174696F6E3B787200476F72672E737072696E676672616D65776F726B2E73656375726974792E61757468656E7469636174696F6E2E416273747261637441757468656E7469636174696F6E546F6B656ED3AA287E6E47640E0200035A000D61757468656E746963617465644C000B617574686F7269746965737400164C6A6176612F7574696C2F436F6C6C656374696F6E3B4C000764657461696C737400124C6A6176612F6C616E672F4F626A6563743B787000737200266A6176612E7574696C2E436F6C6C656374696F6E7324556E6D6F6469666961626C654C697374FC0F2531B5EC8E100200014C00046C6973747400104C6A6176612F7574696C2F4C6973743B7872002C6A6176612E7574696C2E436F6C6C656374696F6E7324556E6D6F6469666961626C65436F6C6C656374696F6E19420080CB5EF71E0200014C00016371007E00047870737200136A6176612E7574696C2E41727261794C6973747881D21D99C7619D03000149000473697A65787000000001770400000001737200426F72672E737072696E676672616D65776F726B2E73656375726974792E636F72652E617574686F726974792E53696D706C654772616E746564417574686F7269747900000000000002120200014C0004726F6C657400124C6A6176612F6C616E672F537472696E673B7870740009414D42554C414E43457871007E000C707372003A6F72672E737072696E676672616D65776F726B2E73656375726974792E6F61757468322E70726F76696465722E4F41757468325265717565737400000000000000010200075A0008617070726F7665644C000B617574686F72697469657371007E00044C000A657874656E73696F6E7374000F4C6A6176612F7574696C2F4D61703B4C000B726564697265637455726971007E000E4C00077265667265736874003B4C6F72672F737072696E676672616D65776F726B2F73656375726974792F6F61757468322F70726F76696465722F546F6B656E526571756573743B4C000B7265736F7572636549647374000F4C6A6176612F7574696C2F5365743B4C000D726573706F6E7365547970657371007E0014787200386F72672E737072696E676672616D65776F726B2E73656375726974792E6F61757468322E70726F76696465722E426173655265717565737436287A3EA37169BD0200034C0008636C69656E74496471007E000E4C001172657175657374506172616D657465727371007E00124C000573636F706571007E0014787074000772657374617070737200256A6176612E7574696C2E436F6C6C656374696F6E7324556E6D6F6469666961626C654D6170F1A5A8FE74F507420200014C00016D71007E00127870737200116A6176612E7574696C2E486173684D61700507DAC1C31660D103000246000A6C6F6164466163746F724900097468726573686F6C6478703F400000000000037708000000040000000274000A6772616E745F7479706574000870617373776F7264740008757365726E616D6574000A616D62756C616E63653278737200256A6176612E7574696C2E436F6C6C656374696F6E7324556E6D6F6469666961626C65536574801D92D18F9B80550200007871007E0009737200176A6176612E7574696C2E4C696E6B656448617368536574D86CD75A95DD2A1E020000787200116A6176612E7574696C2E48617368536574BA44859596B8B7340300007870770C000000103F4000000000000274000A726F6C655F61646D696E74000F726F6C655F737570657261646D696E78017371007E0023770C000000103F40000000000000787371007E001A3F40000000000000770800000010000000007870707371007E0023770C000000103F4000000000000174000B7265736F75726365617070787371007E0023770C000000103F40000000000000787372004F6F72672E737072696E676672616D65776F726B2E73656375726974792E61757468656E7469636174696F6E2E557365726E616D6550617373776F726441757468656E7469636174696F6E546F6B656E00000000000002120200024C000B63726564656E7469616C7371007E00054C00097072696E636970616C71007E00057871007E0003017371007E00077371007E000B0000000177040000000171007E000F7871007E002F737200176A6176612E7574696C2E4C696E6B6564486173684D617034C04E5C106CC0FB0200015A000B6163636573734F726465727871007E001A3F400000000000067708000000080000000271007E001C71007E001D71007E001E71007E001F78007073720028636F6D2E6578616D706C652E726573746170692E6D6F64656C2E656E746974792E4163636F756E74A20AE0F6C94FCC0A0200095A00067374617475734C00076164647265737371007E000E4C0005656D61696C71007E000E4C000866756C6C4E616D6571007E000E4C000870617373776F726471007E000E4C000570686F6E6571007E000E4C0004726F6C657400274C636F6D2F6578616D706C652F726573746170692F6D6F64656C2F656E746974792F526F6C653B4C0005746F6B656E71007E000E4C0008757365726E616D6571007E000E7872002D636F6D2E6578616D706C652E726573746170692E6D6F64656C2E656E746974792E426173654964456E7469747900000000000000010200014C000269647400104C6A6176612F6C616E672F4C6F6E673B7872002B636F6D2E6578616D706C652E726573746170692E6D6F64656C2E656E746974792E42617365456E7469747900000000000000010200034C0009637265617465644F6E7400104C6A6176612F7574696C2F446174653B4C0009757064617465644F6E7400194C6A6176612F74696D652F4C6F63616C4461746554696D653B4C000776657273696F6E71007E00357870737200126A6176612E73716C2E54696D657374616D702618D5C80153BF650200014900056E616E6F737872000E6A6176612E7574696C2E44617465686A81014B5974190300007870770800000184A9D74FB878000000007372000D6A6176612E74696D652E536572955D84BA1B2248B20C00007870770A05000007E60B190D3BE2787372000E6A6176612E6C616E672E4C6F6E673B8BE490CC8F23DF0200014A000576616C7565787200106A6176612E6C616E672E4E756D62657286AC951D0B94E08B020000787000000000000000017371007E003F00000000000000030174002D3438204B68E1BB956E672054E1BBAD2C2042C3AC6E68205468E1BB8D2C2054702E5468E1BBA720C490E1BBA963740014616D62756C616E63653240676D61696C2E636F6D74000A416D62756C616E6365327400447B6263727970747D24326124313024454F733856524F62313465375A6E796476584543412E344C6F4968504F6F46484B7656462F69425A2F6B65723137456F637A34566974000A3038393930303032323273720025636F6D2E6578616D706C652E726573746170692E6D6F64656C2E656E746974792E526F6C65D8E76665FAFD8BE70200035A00067374617475734C000B6465736372697074696F6E71007E000E4C00046E616D6571007E000E7871007E00347371007E003A770800000184673E54A878000000007371007E003D770A05000007E60B0B160ACA7871007E00417371007E003F000000000000000401740009616D62756C616E636571007E00107400A36650695556412D52516865416271375650465376314E3A41504139316245506279736C56476D553671313774614B34664252454E714634416A3832546142487857617A66486C7465554255546A395176705748685579587437564769564146616B645A66556F4975334F49396F343553396A414A6C75326B6466686E496239637075665948653252394738724A52667673484931535153704A6D72345972384C48304B74000A616D62756C616E636532);
INSERT INTO `oauth_refresh_token` (`token_id`, `token`, `authentication`) VALUES ('842b72e3444d31e8e1d14c14423afa5f', 0xACED00057372004C6F72672E737072696E676672616D65776F726B2E73656375726974792E6F61757468322E636F6D6D6F6E2E44656661756C744578706972696E674F417574683252656672657368546F6B656E2FDF47639DD0C9B70200014C000A65787069726174696F6E7400104C6A6176612F7574696C2F446174653B787200446F72672E737072696E676672616D65776F726B2E73656375726974792E6F61757468322E636F6D6D6F6E2E44656661756C744F417574683252656672657368546F6B656E73E10E0A6354D45E0200014C000576616C75657400124C6A6176612F6C616E672F537472696E673B787074022365794A68624763694F694A49557A49314E694973496E523563434936496B705856434A392E65794A796232786C496A6F6956564E4655694973496E567A5A584A66626D46745A534936496E567A5A584978496977695A6E567362453568625755694F694A56633256794D534973496D463164476876636D6C306157567A496A7062496C56545256496958537769593278705A57353058326C6B496A6F69636D567A6447467763434973496D466A59323931626E524A5A4349364F4377695958566B496A7062496E4A6C63323931636D4E6C59584277496C3073496E426F6232356C496A6F694D446B314E5445314E5449314E534973496E4E6A6233426C496A7062496E4A766247566659575274615734694C434A796232786C58334E316347567959575274615734695853776959585270496A6F694D6A55774E7A4D355A6A51745A5745794D5330305932526D4C5467314E5463744E47557A597A41324D6D466B4F546335496977695A586877496A6F784E6A63774D54417A4D4451784C434A7164476B694F6949354E7A59314E4452684F4330784D5463314C5451784E7A6B744F47566A595330345A444A68597A52694D575578596D59694C434A6C6257467062434936496C567A5A5849785147647459576C734C6D4E7662534973496E567A5A584A755957316C496A6F6964584E6C636A456966512E636870493748446A7A5037634D324833314B39696657672D79386D486D3275474E4C4D5A4B7470734455777372000E6A6176612E7574696C2E44617465686A81014B5974190300007870770800000184D9E6053F78, 0xACED0005737200416F72672E737072696E676672616D65776F726B2E73656375726974792E6F61757468322E70726F76696465722E4F417574683241757468656E7469636174696F6EBD400B02166252130200024C000D73746F7265645265717565737474003C4C6F72672F737072696E676672616D65776F726B2F73656375726974792F6F61757468322F70726F76696465722F4F4175746832526571756573743B4C00127573657241757468656E7469636174696F6E7400324C6F72672F737072696E676672616D65776F726B2F73656375726974792F636F72652F41757468656E7469636174696F6E3B787200476F72672E737072696E676672616D65776F726B2E73656375726974792E61757468656E7469636174696F6E2E416273747261637441757468656E7469636174696F6E546F6B656ED3AA287E6E47640E0200035A000D61757468656E746963617465644C000B617574686F7269746965737400164C6A6176612F7574696C2F436F6C6C656374696F6E3B4C000764657461696C737400124C6A6176612F6C616E672F4F626A6563743B787000737200266A6176612E7574696C2E436F6C6C656374696F6E7324556E6D6F6469666961626C654C697374FC0F2531B5EC8E100200014C00046C6973747400104C6A6176612F7574696C2F4C6973743B7872002C6A6176612E7574696C2E436F6C6C656374696F6E7324556E6D6F6469666961626C65436F6C6C656374696F6E19420080CB5EF71E0200014C00016371007E00047870737200136A6176612E7574696C2E41727261794C6973747881D21D99C7619D03000149000473697A65787000000001770400000001737200426F72672E737072696E676672616D65776F726B2E73656375726974792E636F72652E617574686F726974792E53696D706C654772616E746564417574686F7269747900000000000002120200014C0004726F6C657400124C6A6176612F6C616E672F537472696E673B7870740004555345527871007E000C707372003A6F72672E737072696E676672616D65776F726B2E73656375726974792E6F61757468322E70726F76696465722E4F41757468325265717565737400000000000000010200075A0008617070726F7665644C000B617574686F72697469657371007E00044C000A657874656E73696F6E7374000F4C6A6176612F7574696C2F4D61703B4C000B726564697265637455726971007E000E4C00077265667265736874003B4C6F72672F737072696E676672616D65776F726B2F73656375726974792F6F61757468322F70726F76696465722F546F6B656E526571756573743B4C000B7265736F7572636549647374000F4C6A6176612F7574696C2F5365743B4C000D726573706F6E7365547970657371007E0014787200386F72672E737072696E676672616D65776F726B2E73656375726974792E6F61757468322E70726F76696465722E426173655265717565737436287A3EA37169BD0200034C0008636C69656E74496471007E000E4C001172657175657374506172616D657465727371007E00124C000573636F706571007E0014787074000772657374617070737200256A6176612E7574696C2E436F6C6C656374696F6E7324556E6D6F6469666961626C654D6170F1A5A8FE74F507420200014C00016D71007E00127870737200116A6176612E7574696C2E486173684D61700507DAC1C31660D103000246000A6C6F6164466163746F724900097468726573686F6C6478703F400000000000037708000000040000000274000A6772616E745F7479706574000870617373776F7264740008757365726E616D65740005757365723178737200256A6176612E7574696C2E436F6C6C656374696F6E7324556E6D6F6469666961626C65536574801D92D18F9B80550200007871007E0009737200176A6176612E7574696C2E4C696E6B656448617368536574D86CD75A95DD2A1E020000787200116A6176612E7574696C2E48617368536574BA44859596B8B7340300007870770C000000103F4000000000000274000A726F6C655F61646D696E74000F726F6C655F737570657261646D696E78017371007E0023770C000000103F40000000000000787371007E001A3F40000000000000770800000010000000007870707371007E0023770C000000103F4000000000000174000B7265736F75726365617070787371007E0023770C000000103F40000000000000787372004F6F72672E737072696E676672616D65776F726B2E73656375726974792E61757468656E7469636174696F6E2E557365726E616D6550617373776F726441757468656E7469636174696F6E546F6B656E00000000000002120200024C000B63726564656E7469616C7371007E00054C00097072696E636970616C71007E00057871007E0003017371007E00077371007E000B0000000177040000000171007E000F7871007E002F737200176A6176612E7574696C2E4C696E6B6564486173684D617034C04E5C106CC0FB0200015A000B6163636573734F726465727871007E001A3F400000000000067708000000080000000271007E001C71007E001D71007E001E71007E001F78007073720028636F6D2E6578616D706C652E726573746170692E6D6F64656C2E656E746974792E4163636F756E74A20AE0F6C94FCC0A0200095A00067374617475734C00076164647265737371007E000E4C0005656D61696C71007E000E4C000866756C6C4E616D6571007E000E4C000870617373776F726471007E000E4C000570686F6E6571007E000E4C0004726F6C657400274C636F6D2F6578616D706C652F726573746170692F6D6F64656C2F656E746974792F526F6C653B4C0005746F6B656E71007E000E4C0008757365726E616D6571007E000E7872002D636F6D2E6578616D706C652E726573746170692E6D6F64656C2E656E746974792E426173654964456E7469747900000000000000010200014C000269647400104C6A6176612F6C616E672F4C6F6E673B7872002B636F6D2E6578616D706C652E726573746170692E6D6F64656C2E656E746974792E42617365456E7469747900000000000000010200034C0009637265617465644F6E7400104C6A6176612F7574696C2F446174653B4C0009757064617465644F6E7400194C6A6176612F74696D652F4C6F63616C4461746554696D653B4C000776657273696F6E71007E00357870737200126A6176612E73716C2E54696D657374616D702618D5C80153BF650200014900056E616E6F737872000E6A6176612E7574696C2E44617465686A81014B5974190300007870770800000184A9ECC3E878000000007372000D6A6176612E74696D652E536572955D84BA1B2248B20C00007870770A05000007E60B1D152FF7787372000E6A6176612E6C616E672E4C6F6E673B8BE490CC8F23DF0200014A000576616C7565787200106A6176612E6C616E672E4E756D62657286AC951D0B94E08B020000787000000000000000037371007E003F000000000000000801740038313020C491C6B0E1BB9D6E67203132204C6F6E67205068C6B0E1BB9B632C205175E1BAAD6E20392C2054702E5468E1BBA720C490E1BBA96374000F557365723140676D61696C2E636F6D74000555736572317400447B6263727970747D24326124313024454F733856524F62313465375A6E796476584543412E344C6F4968504F6F46484B7656462F69425A2F6B65723137456F637A34566974000A3039353531353532353573720025636F6D2E6578616D706C652E726573746170692E6D6F64656C2E656E746974792E526F6C65D8E76665FAFD8BE70200035A00067374617475734C000B6465736372697074696F6E71007E000E4C00046E616D6571007E000E7871007E00347371007E003A770800000184673D56C078000000007371007E003D770A05000007E60B0B1609CF787371007E003F00000000000000017371007E003F0000000000000002017400047573657271007E00107400A3646D4C72495839575241756766704363326C424D4A363A41504139316246545A50774666304A735245574A677369744E4C467A6F4261694D4352613379526877314C7454417531315372417A56764C4D4D46756338384E5554667746556A4F6A524A314577614438576F78376F5273435166717433554D32447067676A416E79684A6D574948465232654A78334B516D716652674B556E6C6F35774A6C6856586E386F7400057573657231);
INSERT INTO `oauth_refresh_token` (`token_id`, `token`, `authentication`) VALUES ('0f4f981b5adfa50ecd85dbe304ce31d9', 0xACED00057372004C6F72672E737072696E676672616D65776F726B2E73656375726974792E6F61757468322E636F6D6D6F6E2E44656661756C744578706972696E674F417574683252656672657368546F6B656E2FDF47639DD0C9B70200014C000A65787069726174696F6E7400104C6A6176612F7574696C2F446174653B787200446F72672E737072696E676672616D65776F726B2E73656375726974792E6F61757468322E636F6D6D6F6E2E44656661756C744F417574683252656672657368546F6B656E73E10E0A6354D45E0200014C000576616C75657400124C6A6176612F6C616E672F537472696E673B787074025765794A68624763694F694A49557A49314E694973496E523563434936496B705856434A392E65794A77614746796257466A65556C6B496A6F784C434A796232786C496A6F6955456842556B314251316B694C434A316332567958323568625755694F694A77614746796257466A655445694C434A6D64577873546D46745A534936496C426F59584A7459574E354D534973496D463164476876636D6C306157567A496A7062496C424951564A4E51554E5A496C3073496D4E7361575675644639705A434936496E4A6C63335268634841694C434A6859324E7664573530535751694F6A5573496D46315A43493657794A795A584E7664584A6A5A57467763434A644C434A77614739755A534936496A41354E6A6B334F4459344F446B694C434A7A593239775A53493657794A796232786C5832466B62576C7549697769636D39735A56397A6458426C636D466B62576C75496C3073496D463061534936496A686C4D4759344D7A466C4C544D324D7A41744E47566C4D6930355954426A4C5445335A6D45794E6D45304E3245795A434973496D5634634349364D5459334D4445774F5467314E697769616E5270496A6F694E3249354D4442684D7A49744D4751344D6930304F47566C4C574A6A4D546B744D4467344F445A684D6D46684F44526D496977695A573168615777694F694A77614746796257466A655446415A32316861577775593239744969776964584E6C636D3568625755694F694A77614746796257466A6554456966512E61646B744178726E554B4D3477646F4B664E447A73616F456A59426A693066726E666A6B634166613663457372000E6A6176612E7574696C2E44617465686A81014B5974190300007870770800000184DA4E023F78, 0xACED0005737200416F72672E737072696E676672616D65776F726B2E73656375726974792E6F61757468322E70726F76696465722E4F417574683241757468656E7469636174696F6EBD400B02166252130200024C000D73746F7265645265717565737474003C4C6F72672F737072696E676672616D65776F726B2F73656375726974792F6F61757468322F70726F76696465722F4F4175746832526571756573743B4C00127573657241757468656E7469636174696F6E7400324C6F72672F737072696E676672616D65776F726B2F73656375726974792F636F72652F41757468656E7469636174696F6E3B787200476F72672E737072696E676672616D65776F726B2E73656375726974792E61757468656E7469636174696F6E2E416273747261637441757468656E7469636174696F6E546F6B656ED3AA287E6E47640E0200035A000D61757468656E746963617465644C000B617574686F7269746965737400164C6A6176612F7574696C2F436F6C6C656374696F6E3B4C000764657461696C737400124C6A6176612F6C616E672F4F626A6563743B787000737200266A6176612E7574696C2E436F6C6C656374696F6E7324556E6D6F6469666961626C654C697374FC0F2531B5EC8E100200014C00046C6973747400104C6A6176612F7574696C2F4C6973743B7872002C6A6176612E7574696C2E436F6C6C656374696F6E7324556E6D6F6469666961626C65436F6C6C656374696F6E19420080CB5EF71E0200014C00016371007E00047870737200136A6176612E7574696C2E41727261794C6973747881D21D99C7619D03000149000473697A65787000000001770400000001737200426F72672E737072696E676672616D65776F726B2E73656375726974792E636F72652E617574686F726974792E53696D706C654772616E746564417574686F7269747900000000000002120200014C0004726F6C657400124C6A6176612F6C616E672F537472696E673B7870740008504841524D4143597871007E000C707372003A6F72672E737072696E676672616D65776F726B2E73656375726974792E6F61757468322E70726F76696465722E4F41757468325265717565737400000000000000010200075A0008617070726F7665644C000B617574686F72697469657371007E00044C000A657874656E73696F6E7374000F4C6A6176612F7574696C2F4D61703B4C000B726564697265637455726971007E000E4C00077265667265736874003B4C6F72672F737072696E676672616D65776F726B2F73656375726974792F6F61757468322F70726F76696465722F546F6B656E526571756573743B4C000B7265736F7572636549647374000F4C6A6176612F7574696C2F5365743B4C000D726573706F6E7365547970657371007E0014787200386F72672E737072696E676672616D65776F726B2E73656375726974792E6F61757468322E70726F76696465722E426173655265717565737436287A3EA37169BD0200034C0008636C69656E74496471007E000E4C001172657175657374506172616D657465727371007E00124C000573636F706571007E0014787074000772657374617070737200256A6176612E7574696C2E436F6C6C656374696F6E7324556E6D6F6469666961626C654D6170F1A5A8FE74F507420200014C00016D71007E00127870737200116A6176612E7574696C2E486173684D61700507DAC1C31660D103000246000A6C6F6164466163746F724900097468726573686F6C6478703F400000000000037708000000040000000274000A6772616E745F7479706574000870617373776F7264740008757365726E616D65740009706861726D6163793178737200256A6176612E7574696C2E436F6C6C656374696F6E7324556E6D6F6469666961626C65536574801D92D18F9B80550200007871007E0009737200176A6176612E7574696C2E4C696E6B656448617368536574D86CD75A95DD2A1E020000787200116A6176612E7574696C2E48617368536574BA44859596B8B7340300007870770C000000103F4000000000000274000A726F6C655F61646D696E74000F726F6C655F737570657261646D696E78017371007E0023770C000000103F40000000000000787371007E001A3F40000000000000770800000010000000007870707371007E0023770C000000103F4000000000000174000B7265736F75726365617070787371007E0023770C000000103F40000000000000787372004F6F72672E737072696E676672616D65776F726B2E73656375726974792E61757468656E7469636174696F6E2E557365726E616D6550617373776F726441757468656E7469636174696F6E546F6B656E00000000000002120200024C000B63726564656E7469616C7371007E00054C00097072696E636970616C71007E00057871007E0003017371007E00077371007E000B0000000177040000000171007E000F7871007E002F737200176A6176612E7574696C2E4C696E6B6564486173684D617034C04E5C106CC0FB0200015A000B6163636573734F726465727871007E001A3F400000000000067708000000080000000271007E001C71007E001D71007E001E71007E001F78007073720028636F6D2E6578616D706C652E726573746170692E6D6F64656C2E656E746974792E4163636F756E74A20AE0F6C94FCC0A0200095A00067374617475734C00076164647265737371007E000E4C0005656D61696C71007E000E4C000866756C6C4E616D6571007E000E4C000870617373776F726471007E000E4C000570686F6E6571007E000E4C0004726F6C657400274C636F6D2F6578616D706C652F726573746170692F6D6F64656C2F656E746974792F526F6C653B4C0005746F6B656E71007E000E4C0008757365726E616D6571007E000E7872002D636F6D2E6578616D706C652E726573746170692E6D6F64656C2E656E746974792E426173654964456E7469747900000000000000010200014C000269647400104C6A6176612F6C616E672F4C6F6E673B7872002B636F6D2E6578616D706C652E726573746170692E6D6F64656C2E656E746974792E42617365456E7469747900000000000000010200034C0009637265617465644F6E7400104C6A6176612F7574696C2F446174653B4C0009757064617465644F6E7400194C6A6176612F74696D652F4C6F63616C4461746554696D653B4C000776657273696F6E71007E00357870737200126A6176612E73716C2E54696D657374616D702618D5C80153BF650200014900056E616E6F737872000E6A6176612E7574696C2E44617465686A81014B5974190300007870770800000184A9D74FB878000000007372000D6A6176612E74696D652E536572955D84BA1B2248B20C00007870770A05000007E60B181630F7787372000E6A6176612E6C616E672E4C6F6E673B8BE490CC8F23DF0200014A000576616C7565787200106A6176612E6C616E672E4E756D62657286AC951D0B94E08B020000787000000000000000017371007E003F00000000000000050174002C34342F34204E677579E1BB856E205468E1BB8B204D696E68204B6861692C205175E1BAAD6E20312C2048434D740013706861726D6163793140676D61696C2E636F6D740009506861726D616379317400447B6263727970747D24326124313024454F733856524F62313465375A6E796476584543412E344C6F4968504F6F46484B7656462F69425A2F6B65723137456F637A34566974000A3039363937383638383973720025636F6D2E6578616D706C652E726573746170692E6D6F64656C2E656E746974792E526F6C65D8E76665FAFD8BE70200035A00067374617475734C000B6465736372697074696F6E71007E000E4C00046E616D6571007E000E7871007E00347371007E003A770800000184673DEB3078000000007371007E003D770A05000007E60B0B160AE67871007E00417371007E003F000000000000000301740008706861726D61637971007E00107400A3646D4C72495839575241756766704363326C424D4A363A41504139316246545A50774666304A735245574A677369744E4C467A6F4261694D4352613379526877314C7454417531315372417A56764C4D4D46756338384E5554667746556A4F6A524A314577614438576F78376F5273435166717433554D32447067676A416E79684A6D574948465232654A78334B516D716652674B556E6C6F35774A6C6856586E386F740009706861726D61637931);
INSERT INTO `oauth_refresh_token` (`token_id`, `token`, `authentication`) VALUES ('95e3314ba745264739d419f985faf879', 0xACED00057372004C6F72672E737072696E676672616D65776F726B2E73656375726974792E6F61757468322E636F6D6D6F6E2E44656661756C744578706972696E674F417574683252656672657368546F6B656E2FDF47639DD0C9B70200014C000A65787069726174696F6E7400104C6A6176612F7574696C2F446174653B787200446F72672E737072696E676672616D65776F726B2E73656375726974792E6F61757468322E636F6D6D6F6E2E44656661756C744F417574683252656672657368546F6B656E73E10E0A6354D45E0200014C000576616C75657400124C6A6176612F6C616E672F537472696E673B787074022565794A68624763694F694A49557A49314E694973496E523563434936496B705856434A392E65794A796232786C496A6F695155524E535534694C434A316332567958323568625755694F694A685A47317062694973496D5A316247784F5957316C496A6F6959575274615734694C434A686458526F62334A7064476C6C6379493657794A425245314A54694A644C434A6A62476C6C626E5266615751694F694A795A584E30595842774969776959574E6A6233567564456C6B496A6F784C434A68645751694F6C7369636D567A6233567959325668634841695853776963476876626D55694F69497A4D54497A4D54497A4D54497A4969776963324E76634755694F6C7369636D39735A5639685A47317062694973496E4A7662475666633356775A584A685A47317062694A644C434A6864476B694F69497A5A4441344E574D784D5330794E5751324C5451785A575174595445344E79307A4E574E684D574D7A4F446B784F4463694C434A6C654841694F6A45324E7A41784D54497A4D544D73496D703061534936496D49784F4759314D6D49304C544E6B4F5755744E44426D4D693168593245334C54426C4E6A63305932593459546B354D534973496D567459576C73496A6F6959575274615735415A32316861577775593239744969776964584E6C636D3568625755694F694A685A47317062694A392E324F73357966433132664F38663864494579737361673645505877486868544E656436446D4366736E54637372000E6A6176612E7574696C2E44617465686A81014B5974190300007870770800000184DA737FA578, 0xACED0005737200416F72672E737072696E676672616D65776F726B2E73656375726974792E6F61757468322E70726F76696465722E4F417574683241757468656E7469636174696F6EBD400B02166252130200024C000D73746F7265645265717565737474003C4C6F72672F737072696E676672616D65776F726B2F73656375726974792F6F61757468322F70726F76696465722F4F4175746832526571756573743B4C00127573657241757468656E7469636174696F6E7400324C6F72672F737072696E676672616D65776F726B2F73656375726974792F636F72652F41757468656E7469636174696F6E3B787200476F72672E737072696E676672616D65776F726B2E73656375726974792E61757468656E7469636174696F6E2E416273747261637441757468656E7469636174696F6E546F6B656ED3AA287E6E47640E0200035A000D61757468656E746963617465644C000B617574686F7269746965737400164C6A6176612F7574696C2F436F6C6C656374696F6E3B4C000764657461696C737400124C6A6176612F6C616E672F4F626A6563743B787000737200266A6176612E7574696C2E436F6C6C656374696F6E7324556E6D6F6469666961626C654C697374FC0F2531B5EC8E100200014C00046C6973747400104C6A6176612F7574696C2F4C6973743B7872002C6A6176612E7574696C2E436F6C6C656374696F6E7324556E6D6F6469666961626C65436F6C6C656374696F6E19420080CB5EF71E0200014C00016371007E00047870737200136A6176612E7574696C2E41727261794C6973747881D21D99C7619D03000149000473697A65787000000001770400000001737200426F72672E737072696E676672616D65776F726B2E73656375726974792E636F72652E617574686F726974792E53696D706C654772616E746564417574686F7269747900000000000002120200014C0004726F6C657400124C6A6176612F6C616E672F537472696E673B787074000541444D494E7871007E000C707372003A6F72672E737072696E676672616D65776F726B2E73656375726974792E6F61757468322E70726F76696465722E4F41757468325265717565737400000000000000010200075A0008617070726F7665644C000B617574686F72697469657371007E00044C000A657874656E73696F6E7374000F4C6A6176612F7574696C2F4D61703B4C000B726564697265637455726971007E000E4C00077265667265736874003B4C6F72672F737072696E676672616D65776F726B2F73656375726974792F6F61757468322F70726F76696465722F546F6B656E526571756573743B4C000B7265736F7572636549647374000F4C6A6176612F7574696C2F5365743B4C000D726573706F6E7365547970657371007E0014787200386F72672E737072696E676672616D65776F726B2E73656375726974792E6F61757468322E70726F76696465722E426173655265717565737436287A3EA37169BD0200034C0008636C69656E74496471007E000E4C001172657175657374506172616D657465727371007E00124C000573636F706571007E0014787074000772657374617070737200256A6176612E7574696C2E436F6C6C656374696F6E7324556E6D6F6469666961626C654D6170F1A5A8FE74F507420200014C00016D71007E00127870737200116A6176612E7574696C2E486173684D61700507DAC1C31660D103000246000A6C6F6164466163746F724900097468726573686F6C6478703F400000000000037708000000040000000274000A6772616E745F7479706574000870617373776F7264740008757365726E616D6574000561646D696E78737200256A6176612E7574696C2E436F6C6C656374696F6E7324556E6D6F6469666961626C65536574801D92D18F9B80550200007871007E0009737200176A6176612E7574696C2E4C696E6B656448617368536574D86CD75A95DD2A1E020000787200116A6176612E7574696C2E48617368536574BA44859596B8B7340300007870770C000000103F4000000000000274000A726F6C655F61646D696E74000F726F6C655F737570657261646D696E78017371007E0023770C000000103F40000000000000787371007E001A3F40000000000000770800000010000000007870707371007E0023770C000000103F4000000000000174000B7265736F75726365617070787371007E0023770C000000103F40000000000000787372004F6F72672E737072696E676672616D65776F726B2E73656375726974792E61757468656E7469636174696F6E2E557365726E616D6550617373776F726441757468656E7469636174696F6E546F6B656E00000000000002120200024C000B63726564656E7469616C7371007E00054C00097072696E636970616C71007E00057871007E0003017371007E00077371007E000B0000000177040000000171007E000F7871007E002F737200176A6176612E7574696C2E4C696E6B6564486173684D617034C04E5C106CC0FB0200015A000B6163636573734F726465727871007E001A3F400000000000067708000000080000000271007E001C71007E001D71007E001E71007E001F78007073720028636F6D2E6578616D706C652E726573746170692E6D6F64656C2E656E746974792E4163636F756E74A20AE0F6C94FCC0A0200095A00067374617475734C00076164647265737371007E000E4C0005656D61696C71007E000E4C000866756C6C4E616D6571007E000E4C000870617373776F726471007E000E4C000570686F6E6571007E000E4C0004726F6C657400274C636F6D2F6578616D706C652F726573746170692F6D6F64656C2F656E746974792F526F6C653B4C0005746F6B656E71007E000E4C0008757365726E616D6571007E000E7872002D636F6D2E6578616D706C652E726573746170692E6D6F64656C2E656E746974792E426173654964456E7469747900000000000000010200014C000269647400104C6A6176612F6C616E672F4C6F6E673B7872002B636F6D2E6578616D706C652E726573746170692E6D6F64656C2E656E746974792E42617365456E7469747900000000000000010200034C0009637265617465644F6E7400104C6A6176612F7574696C2F446174653B4C0009757064617465644F6E7400194C6A6176612F74696D652F4C6F63616C4461746554696D653B4C000776657273696F6E71007E00357870737200126A6176612E73716C2E54696D657374616D702618D5C80153BF650200014900056E616E6F737872000E6A6176612E7574696C2E44617465686A81014B59741903000078707708000001846580E18078000000007372000D6A6176612E74696D652E536572955D84BA1B2248B20C00007870770A05000007E60B0C0F1EFB787372000E6A6176612E6C616E672E4C6F6E673B8BE490CC8F23DF0200014A000576616C7565787200106A6176612E6C616E672E4E756D62657286AC951D0B94E08B020000787000000000000000027371007E003F00000000000000010174000A6173646173646173646174000F61646D696E40676D61696C2E636F6D74000561646D696E7400447B6263727970747D24326124313024454F733856524F62313465375A6E796476584543412E344C6F4968504F6F46484B7656462F69425A2F6B65723137456F637A34566974000A3331323331323331323373720025636F6D2E6578616D706C652E726573746170692E6D6F64656C2E656E746974792E526F6C65D8E76665FAFD8BE70200035A00067374617475734C000B6465736372697074696F6E71007E000E4C00046E616D6571007E000E7871007E00347371007E003A7708000001846581914878000000007371007E003D770A05000007E60B0B0E05FB7871007E004271007E00420174000561646D696E71007E00107074000561646D696E);
COMMIT;

-- ----------------------------
-- Table structure for order_detail
-- ----------------------------
DROP TABLE IF EXISTS `order_detail`;
CREATE TABLE `order_detail` (
  `id` bigint NOT NULL AUTO_INCREMENT,
  `price` double DEFAULT NULL,
  `quantity` int DEFAULT NULL,
  `status` bit(1) DEFAULT NULL,
  `order_id` bigint DEFAULT NULL,
  `product_id` bigint DEFAULT NULL,
  PRIMARY KEY (`id`),
  KEY `FKrws2q0si6oyd6il8gqe2aennc` (`order_id`),
  KEY `FKb8bg2bkty0oksa3wiq5mp5qnc` (`product_id`),
  CONSTRAINT `FKb8bg2bkty0oksa3wiq5mp5qnc` FOREIGN KEY (`product_id`) REFERENCES `product` (`id`),
  CONSTRAINT `FKrws2q0si6oyd6il8gqe2aennc` FOREIGN KEY (`order_id`) REFERENCES `orders` (`id`)
) ENGINE=InnoDB AUTO_INCREMENT=10 DEFAULT CHARSET=utf8mb4 COLLATE=utf8mb4_general_ci;

-- ----------------------------
-- Records of order_detail
-- ----------------------------
BEGIN;
INSERT INTO `order_detail` (`id`, `price`, `quantity`, `status`, `order_id`, `product_id`) VALUES (1, 15000, 1, b'1', 1, 1);
INSERT INTO `order_detail` (`id`, `price`, `quantity`, `status`, `order_id`, `product_id`) VALUES (2, 20000, 1, b'1', 1, 2);
COMMIT;

-- ----------------------------
-- Table structure for orders
-- ----------------------------
DROP TABLE IF EXISTS `orders`;
CREATE TABLE `orders` (
  `id` bigint NOT NULL AUTO_INCREMENT,
  `created_on` datetime DEFAULT NULL,
  `updated_on` datetime DEFAULT NULL,
  `version` bigint DEFAULT NULL,
  `address` varchar(255) COLLATE utf8mb4_general_ci DEFAULT NULL,
  `progress` varchar(255) COLLATE utf8mb4_general_ci DEFAULT NULL,
  `status` bit(1) DEFAULT NULL,
  `total_cost` double DEFAULT NULL,
  `account_id` bigint DEFAULT NULL,
  `pharmacy_id` bigint DEFAULT NULL,
  PRIMARY KEY (`id`),
  KEY `FK3c7gbsfawn58r27cf5b2km72f` (`account_id`),
  KEY `FKttmxvmgcfr0cf63sb6w2vd9b` (`pharmacy_id`),
  CONSTRAINT `FK3c7gbsfawn58r27cf5b2km72f` FOREIGN KEY (`account_id`) REFERENCES `account` (`id`),
  CONSTRAINT `FKttmxvmgcfr0cf63sb6w2vd9b` FOREIGN KEY (`pharmacy_id`) REFERENCES `pharmacy` (`id`)
) ENGINE=InnoDB AUTO_INCREMENT=9 DEFAULT CHARSET=utf8mb4 COLLATE=utf8mb4_general_ci;

-- ----------------------------
-- Records of orders
-- ----------------------------
BEGIN;
INSERT INTO `orders` (`id`, `created_on`, `updated_on`, `version`, `address`, `progress`, `status`, `total_cost`, `account_id`, `pharmacy_id`) VALUES (1, '2022-11-24 21:22:06', '2022-11-24 21:22:09', 1, '33/2 đường 3 tháng 2, Quận 10, HCM', 'COMPLETED', b'1', 35000, 8, 1);
COMMIT;

-- ----------------------------
-- Table structure for otp
-- ----------------------------
DROP TABLE IF EXISTS `otp`;
CREATE TABLE `otp` (
  `id` bigint NOT NULL AUTO_INCREMENT,
  `created_on` datetime DEFAULT NULL,
  `updated_on` datetime DEFAULT NULL,
  `version` bigint DEFAULT NULL,
  `otp` varchar(255) COLLATE utf8mb4_general_ci DEFAULT NULL,
  `username` varchar(255) COLLATE utf8mb4_general_ci DEFAULT NULL,
  PRIMARY KEY (`id`)
) ENGINE=InnoDB AUTO_INCREMENT=10 DEFAULT CHARSET=utf8mb4 COLLATE=utf8mb4_general_ci;

-- ----------------------------
-- Records of otp
-- ----------------------------
BEGIN;
COMMIT;

-- ----------------------------
-- Table structure for pharmacy
-- ----------------------------
DROP TABLE IF EXISTS `pharmacy`;
CREATE TABLE `pharmacy` (
  `id` bigint NOT NULL AUTO_INCREMENT,
  `created_on` datetime DEFAULT NULL,
  `updated_on` datetime DEFAULT NULL,
  `version` bigint DEFAULT NULL,
  `address` varchar(255) COLLATE utf8mb4_general_ci DEFAULT NULL,
  `name` varchar(255) COLLATE utf8mb4_general_ci DEFAULT NULL,
  `status` bit(1) DEFAULT NULL,
  `account_id` bigint DEFAULT NULL,
  PRIMARY KEY (`id`),
  KEY `FKnighbigrtbb6h0i1lkiocg4vg` (`account_id`),
  CONSTRAINT `FKnighbigrtbb6h0i1lkiocg4vg` FOREIGN KEY (`account_id`) REFERENCES `account` (`id`)
) ENGINE=InnoDB AUTO_INCREMENT=8 DEFAULT CHARSET=utf8mb4 COLLATE=utf8mb4_general_ci;

-- ----------------------------
-- Records of pharmacy
-- ----------------------------
BEGIN;
INSERT INTO `pharmacy` (`id`, `created_on`, `updated_on`, `version`, `address`, `name`, `status`, `account_id`) VALUES (1, '2022-11-24 20:32:51', '2022-11-24 20:32:55', 0, '44/4 Nguyễn Thị Minh Khai, Quận 1, HCM', 'LONG CHÂU', b'1', 5);
INSERT INTO `pharmacy` (`id`, `created_on`, `updated_on`, `version`, `address`, `name`, `status`, `account_id`) VALUES (2, '2022-11-24 20:32:51', '2022-11-24 20:32:55', 0, '33/2 đường 3 tháng 2, Quận 10, HCM', 'AN KHANG', b'1', 6);
INSERT INTO `pharmacy` (`id`, `created_on`, `updated_on`, `version`, `address`, `name`, `status`, `account_id`) VALUES (3, '2022-11-24 20:32:51', '2022-11-24 20:32:55', 0, '96 Pastuer, Quận 3, HCM', 'PHARMACY', b'1', 7);
COMMIT;

-- ----------------------------
-- Table structure for product
-- ----------------------------
DROP TABLE IF EXISTS `product`;
CREATE TABLE `product` (
  `id` bigint NOT NULL AUTO_INCREMENT,
  `created_on` datetime DEFAULT NULL,
  `updated_on` datetime DEFAULT NULL,
  `version` bigint DEFAULT NULL,
  `avatar` varchar(255) COLLATE utf8mb4_general_ci DEFAULT NULL,
  `name` varchar(255) COLLATE utf8mb4_general_ci DEFAULT NULL,
  `price` double DEFAULT NULL,
  `status` bit(1) DEFAULT NULL,
  `pharmacy_id` bigint DEFAULT NULL,
  `description` varchar(255) COLLATE utf8mb4_general_ci DEFAULT NULL,
  `otc` bit(1) DEFAULT NULL,
  PRIMARY KEY (`id`),
  KEY `FKpuk1kmxbkpldpucym5g7nj2cl` (`pharmacy_id`),
  CONSTRAINT `FKi10dotmt0wo9k91sgd9cd9ud3` FOREIGN KEY (`pharmacy_id`) REFERENCES `pharmacy` (`id`),
  CONSTRAINT `FKpuk1kmxbkpldpucym5g7nj2cl` FOREIGN KEY (`pharmacy_id`) REFERENCES `pharmacy` (`id`)
) ENGINE=InnoDB AUTO_INCREMENT=20 DEFAULT CHARSET=utf8mb4 COLLATE=utf8mb4_general_ci;

-- ----------------------------
-- Records of product
-- ----------------------------
BEGIN;
INSERT INTO `product` (`id`, `created_on`, `updated_on`, `version`, `avatar`, `name`, `price`, `status`, `pharmacy_id`, `description`, `otc`) VALUES (1, '2022-11-24 21:08:52', '2022-12-03 19:37:53', 2, NULL, 'Panadol', 15000, b'0', 1, 'Giảm đau, hạ sốt', b'1');
INSERT INTO `product` (`id`, `created_on`, `updated_on`, `version`, `avatar`, `name`, `price`, `status`, `pharmacy_id`, `description`, `otc`) VALUES (2, '2022-11-24 21:08:52', '2022-12-03 19:31:59', 1, NULL, 'Paracetalmol', 20000, b'1', 1, 'Giảm đau, hạ sốt', b'0');
INSERT INTO `product` (`id`, `created_on`, `updated_on`, `version`, `avatar`, `name`, `price`, `status`, `pharmacy_id`, `description`, `otc`) VALUES (3, '2022-11-24 21:08:52', '2022-11-24 21:08:57', 0, NULL, 'Efferalgan', 15000, b'1', 1, 'Giảm đau, hạ sốt', b'0');
INSERT INTO `product` (`id`, `created_on`, `updated_on`, `version`, `avatar`, `name`, `price`, `status`, `pharmacy_id`, `description`, `otc`) VALUES (4, '2022-11-24 21:08:52', '2022-12-03 19:31:51', 1, NULL, 'Tiffy', 15000, b'0', 1, 'Giảm đau, hạ sốt', b'0');
INSERT INTO `product` (`id`, `created_on`, `updated_on`, `version`, `avatar`, `name`, `price`, `status`, `pharmacy_id`, `description`, `otc`) VALUES (5, '2022-11-24 21:08:52', '2022-11-24 21:08:57', 0, NULL, 'Panadol', 15000, b'1', 2, 'Giảm đau, hạ sốt', b'0');
INSERT INTO `product` (`id`, `created_on`, `updated_on`, `version`, `avatar`, `name`, `price`, `status`, `pharmacy_id`, `description`, `otc`) VALUES (6, '2022-11-24 21:08:52', '2022-11-24 21:08:57', 0, NULL, 'Paracetalmol', 20000, b'1', 2, 'Giảm đau, hạ sốt', b'0');
INSERT INTO `product` (`id`, `created_on`, `updated_on`, `version`, `avatar`, `name`, `price`, `status`, `pharmacy_id`, `description`, `otc`) VALUES (7, '2022-11-24 21:08:52', '2022-11-24 21:08:57', 0, NULL, 'Efferalgan', 15000, b'1', 2, 'Giảm đau, hạ sốt', b'0');
INSERT INTO `product` (`id`, `created_on`, `updated_on`, `version`, `avatar`, `name`, `price`, `status`, `pharmacy_id`, `description`, `otc`) VALUES (8, '2022-11-24 21:08:52', '2022-11-24 21:08:57', 0, NULL, 'Efferalgan', 15000, b'1', 3, 'Giảm đau, hạ sốt', b'0');
INSERT INTO `product` (`id`, `created_on`, `updated_on`, `version`, `avatar`, `name`, `price`, `status`, `pharmacy_id`, `description`, `otc`) VALUES (9, '2022-11-24 21:08:52', '2022-11-24 21:08:57', 0, NULL, 'Panadol', 15000, b'1', 3, 'Giảm đau, hạ sốt', b'0');
INSERT INTO `product` (`id`, `created_on`, `updated_on`, `version`, `avatar`, `name`, `price`, `status`, `pharmacy_id`, `description`, `otc`) VALUES (13, '2022-11-24 21:48:40', '2022-11-24 21:48:40', 0, NULL, 'Paracetalmol', 20000, b'0', 2, 'Giảm đau, hạ sốt1', b'0');
INSERT INTO `product` (`id`, `created_on`, `updated_on`, `version`, `avatar`, `name`, `price`, `status`, `pharmacy_id`, `description`, `otc`) VALUES (14, '2022-11-24 21:49:15', '2022-11-24 21:49:15', 0, NULL, 'Paracetalmol', 20000, b'0', 2, 'Giảm đau, hạ sốt', b'0');
INSERT INTO `product` (`id`, `created_on`, `updated_on`, `version`, `avatar`, `name`, `price`, `status`, `pharmacy_id`, `description`, `otc`) VALUES (15, '2022-11-24 21:49:16', '2022-11-24 21:49:16', 0, NULL, 'Paracetalmol', 20000, b'1', 2, 'Giảm đau, hạ sốt', b'0');
INSERT INTO `product` (`id`, `created_on`, `updated_on`, `version`, `avatar`, `name`, `price`, `status`, `pharmacy_id`, `description`, `otc`) VALUES (16, '2022-11-24 21:49:19', '2022-11-24 21:49:19', 0, NULL, 'Paracetalmol', 20000, b'1', 2, 'Giảm đau, hạ sốt', b'0');
INSERT INTO `product` (`id`, `created_on`, `updated_on`, `version`, `avatar`, `name`, `price`, `status`, `pharmacy_id`, `description`, `otc`) VALUES (19, '2022-12-03 18:31:21', '2022-12-03 19:35:31', 1, NULL, 'Paracetalmol', 20000, b'1', 1, 'Giảm đau, hạ sốt', b'1');
COMMIT;

-- ----------------------------
-- Table structure for role
-- ----------------------------
DROP TABLE IF EXISTS `role`;
CREATE TABLE `role` (
  `id` bigint NOT NULL AUTO_INCREMENT,
  `created_on` datetime DEFAULT NULL,
  `updated_on` datetime DEFAULT NULL,
  `version` bigint DEFAULT NULL,
  `description` varchar(255) COLLATE utf8mb4_general_ci DEFAULT NULL,
  `name` varchar(255) COLLATE utf8mb4_general_ci DEFAULT NULL,
  `status` bit(1) DEFAULT NULL,
  PRIMARY KEY (`id`)
) ENGINE=InnoDB AUTO_INCREMENT=5 DEFAULT CHARSET=utf8mb4 COLLATE=utf8mb4_general_ci;

-- ----------------------------
-- Records of role
-- ----------------------------
BEGIN;
INSERT INTO `role` (`id`, `created_on`, `updated_on`, `version`, `description`, `name`, `status`) VALUES (1, '2022-11-11 14:05:01', '2022-11-11 14:05:04', 1, 'admin', 'ADMIN', b'1');
INSERT INTO `role` (`id`, `created_on`, `updated_on`, `version`, `description`, `name`, `status`) VALUES (2, '2022-11-11 22:09:44', '2022-11-11 22:09:48', 1, 'user', 'USER', b'1');
INSERT INTO `role` (`id`, `created_on`, `updated_on`, `version`, `description`, `name`, `status`) VALUES (3, '2022-11-11 22:10:22', '2022-11-11 22:10:25', 1, 'pharmacy', 'PHARMACY', b'1');
INSERT INTO `role` (`id`, `created_on`, `updated_on`, `version`, `description`, `name`, `status`) VALUES (4, '2022-11-11 22:10:49', '2022-11-11 22:10:53', 1, 'ambulance', 'AMBULANCE', b'1');
COMMIT;

-- ----------------------------
-- Procedure structure for az
-- ----------------------------
DROP PROCEDURE IF EXISTS `az`;
delimiter ;;
CREATE PROCEDURE `az`()
BEGIN
    SELECT account.id, account.full_name, CONCAT(IF(account.phone IS NULL, "PHONE NULL|", ''), IF(TRIM(account.email) IS NULL, "EMAIL NULL", '')) as errorName
		 FROM account;
END
;;
delimiter ;

SET FOREIGN_KEY_CHECKS = 1;
